image_path,class,predict,Mild_Demented,Moderate_Demented,Non_Demented,Very_Mild_Demented
Benchmark\Non_Demented\non_871.jpg,Non_Demented,Non_Demented,0.0020608502,2.7004673e-13,0.61080545,0.3871337
Benchmark\Non_Demented\non_3104.jpg,Non_Demented,Non_Demented,1.8039105e-09,6.8289537e-17,0.9999918,8.265492e-06
Benchmark\Very_Mild_Demented\augmented_80_verymild_136.jpg,Very_Mild_Demented,Mild_Demented,0.5053591,0.00064071966,3.7991024e-06,0.4939963
Benchmark\Very_Mild_Demented\augmented_123_verymild_2182.jpg,Very_Mild_Demented,Mild_Demented,0.67446303,0.00021176045,1.0222508e-05,0.32531494
Benchmark\Moderate_Demented\augmented_182_moderate_53.jpg,Moderate_Demented,Very_Mild_Demented,0.17334,0.011666409,0.11942989,0.6955637
Benchmark\Mild_Demented\augmented_150_mild_261.jpg,Mild_Demented,Mild_Demented,0.9989674,3.1301377e-05,3.2317453e-07,0.0010009853
Benchmark\Non_Demented\non_3193.jpg,Non_Demented,Very_Mild_Demented,0.00023994918,3.7787623e-10,0.20257376,0.7971863
Benchmark\Very_Mild_Demented\verymild_1812.jpg,Very_Mild_Demented,Very_Mild_Demented,0.008475718,6.593062e-07,0.11258556,0.8789381
Benchmark\Mild_Demented\augmented_25_mild_523.jpg,Mild_Demented,Mild_Demented,0.5427332,0.05681665,2.4278743e-06,0.40044773
Benchmark\Moderate_Demented\augmented_11_moderate_38.jpg,Moderate_Demented,Moderate_Demented,0.00022871332,0.99442154,1.2172417e-10,0.0053498135
Benchmark\Non_Demented\non_1703.jpg,Non_Demented,Non_Demented,3.5201442e-10,1.256127e-19,0.9999316,6.839795e-05
Benchmark\Non_Demented\non_1611.jpg,Non_Demented,Very_Mild_Demented,0.007380136,7.817094e-05,0.3876609,0.60488087
Benchmark\Mild_Demented\augmented_100_mild_408.jpg,Mild_Demented,Mild_Demented,0.9628426,5.1495454e-06,5.146995e-07,0.037151877
Benchmark\Very_Mild_Demented\verymild_1418.jpg,Very_Mild_Demented,Non_Demented,0.15631247,0.0005648023,0.76259047,0.08053231
Benchmark\Moderate_Demented\augmented_238_moderate_23.jpg,Moderate_Demented,Moderate_Demented,0.001237242,0.99815196,3.000801e-11,0.0006107364
Benchmark\Moderate_Demented\augmented_179_moderate_38.jpg,Moderate_Demented,Moderate_Demented,0.00010492096,0.9984988,1.7476218e-13,0.0013963829
Benchmark\Mild_Demented\mild_78.jpg,Mild_Demented,Very_Mild_Demented,0.16915923,7.742813e-05,0.08346079,0.74730253
Benchmark\Very_Mild_Demented\augmented_166_verymild_1284.jpg,Very_Mild_Demented,Very_Mild_Demented,0.027115865,2.8239637e-07,2.3354303e-07,0.9728837
Benchmark\Very_Mild_Demented\augmented_105_verymild_2100.jpg,Very_Mild_Demented,Very_Mild_Demented,0.1862004,0.005048021,0.00011365091,0.808638
Benchmark\Very_Mild_Demented\augmented_37_verymild_257.jpg,Very_Mild_Demented,Mild_Demented,0.50509137,0.122222155,6.229994e-09,0.37268648
Benchmark\Mild_Demented\augmented_121_mild_591.jpg,Mild_Demented,Very_Mild_Demented,0.119637676,1.538919e-05,0.00015709059,0.8801898
Benchmark\Very_Mild_Demented\augmented_85_verymild_1348.jpg,Very_Mild_Demented,Mild_Demented,0.9788415,0.01980971,7.732336e-09,0.0013487692
Benchmark\Moderate_Demented\augmented_50_moderate_22.jpg,Moderate_Demented,Moderate_Demented,0.009210461,0.99078935,3.8360333e-13,2.4710792e-07
Benchmark\Non_Demented\non_2247.jpg,Non_Demented,Non_Demented,0.00052158785,1.8964514e-09,0.971798,0.027680483
Benchmark\Moderate_Demented\augmented_85_moderate_12.jpg,Moderate_Demented,Moderate_Demented,1.9768839e-05,0.9999676,4.1081062e-11,1.2672862e-05
Benchmark\Very_Mild_Demented\augmented_207_verymild_1653.jpg,Very_Mild_Demented,Very_Mild_Demented,0.15477888,0.001881923,3.974858e-05,0.8432995
Benchmark\Non_Demented\non_569.jpg,Non_Demented,Non_Demented,0.1080181,2.3547136e-08,0.68903154,0.20295039
Benchmark\Mild_Demented\augmented_216_mild_326.jpg,Mild_Demented,Mild_Demented,0.8718136,0.00048869645,2.2432737e-06,0.12769541
Benchmark\Moderate_Demented\augmented_223_moderate_42.jpg,Moderate_Demented,Moderate_Demented,0.014428103,0.97896135,2.0011797e-08,0.0066105668
Benchmark\Moderate_Demented\augmented_162_moderate_25.jpg,Moderate_Demented,Moderate_Demented,0.20990932,0.78616184,5.6758936e-10,0.003928804
Benchmark\Non_Demented\non_571.jpg,Non_Demented,Non_Demented,4.3620184e-11,8.33177e-21,1.0,1.3054445e-09
Benchmark\Non_Demented\non_1253.jpg,Non_Demented,Non_Demented,0.009557963,3.6309892e-12,0.8711668,0.119275205
Benchmark\Mild_Demented\mild_253.jpg,Mild_Demented,Mild_Demented,0.92811203,1.465498e-07,4.1741646e-06,0.07188364
Benchmark\Moderate_Demented\augmented_35_moderate_14.jpg,Moderate_Demented,Moderate_Demented,1.0368136e-05,0.9999895,1.17703e-17,1.0702817e-07
Benchmark\Mild_Demented\mild_113.jpg,Mild_Demented,Very_Mild_Demented,0.00031170316,6.33446e-10,0.1033339,0.8963544
Benchmark\Moderate_Demented\augmented_94_moderate_38.jpg,Moderate_Demented,Mild_Demented,0.487863,0.24190775,1.2263025e-06,0.2702281
Benchmark\Mild_Demented\augmented_258_mild_529.jpg,Mild_Demented,Mild_Demented,0.814248,0.00014014708,1.0015488e-06,0.18561085
Benchmark\Very_Mild_Demented\augmented_195_verymild_2183.jpg,Very_Mild_Demented,Very_Mild_Demented,0.22909474,0.0011313054,1.2707451e-06,0.7697727
Benchmark\Very_Mild_Demented\verymild_291.jpg,Very_Mild_Demented,Very_Mild_Demented,0.04432253,5.407664e-05,0.036553554,0.91906977
Benchmark\Non_Demented\non_986.jpg,Non_Demented,Non_Demented,0.00051485206,1.5192566e-11,0.7917583,0.20772685
Benchmark\Non_Demented\non_174.jpg,Non_Demented,Very_Mild_Demented,0.0223602,2.5011988e-07,0.22936958,0.7482699
Benchmark\Moderate_Demented\augmented_190_moderate_30.jpg,Moderate_Demented,Moderate_Demented,0.0013071315,0.9879793,4.7806308e-11,0.0107136285
Benchmark\Non_Demented\non_437.jpg,Non_Demented,Non_Demented,0.01831077,1.0908082e-05,0.505498,0.4761804
Benchmark\Mild_Demented\mild_56.jpg,Mild_Demented,Non_Demented,0.00014032927,6.383433e-14,0.99322444,0.0066352827
Benchmark\Mild_Demented\augmented_21_mild_530.jpg,Mild_Demented,Mild_Demented,0.72606343,0.01547672,1.41179435e-05,0.25844574
Benchmark\Non_Demented\non_1310.jpg,Non_Demented,Very_Mild_Demented,0.00042425524,5.1171612e-14,0.33288017,0.6666956
Benchmark\Moderate_Demented\augmented_41_moderate_38.jpg,Moderate_Demented,Moderate_Demented,0.026087932,0.9319558,1.1959251e-07,0.0419561
Benchmark\Very_Mild_Demented\augmented_131_verymild_1707.jpg,Very_Mild_Demented,Very_Mild_Demented,0.058015063,1.04509944e-07,3.748076e-06,0.9419811
Benchmark\Mild_Demented\augmented_238_mild_737.jpg,Mild_Demented,Mild_Demented,0.804924,0.0010139742,3.3290764e-08,0.19406202
Benchmark\Non_Demented\non_482.jpg,Non_Demented,Non_Demented,1.2669703e-06,1.5296653e-15,0.9999658,3.28621e-05
Benchmark\Non_Demented\non_618.jpg,Non_Demented,Non_Demented,8.3741305e-08,4.1897424e-14,0.99311215,0.006887755
Benchmark\Moderate_Demented\augmented_118_moderate_24.jpg,Moderate_Demented,Moderate_Demented,0.025758045,0.97417665,2.0870733e-10,6.5231565e-05
Benchmark\Mild_Demented\augmented_204_mild_165.jpg,Mild_Demented,Very_Mild_Demented,0.09642563,2.1352593e-05,1.0449235e-05,0.90354264
Benchmark\Very_Mild_Demented\verymild_1974.jpg,Very_Mild_Demented,Mild_Demented,0.787808,1.1757657e-07,0.059014585,0.15317729
Benchmark\Very_Mild_Demented\verymild_1573.jpg,Very_Mild_Demented,Very_Mild_Demented,0.010741095,4.277296e-06,0.08774158,0.901513
Benchmark\Very_Mild_Demented\verymild_713.jpg,Very_Mild_Demented,Very_Mild_Demented,0.0015201145,6.839171e-07,0.0015694222,0.9969098
Benchmark\Very_Mild_Demented\verymild_1719.jpg,Very_Mild_Demented,Non_Demented,0.0001792611,1.9313509e-10,0.8092061,0.19061466
Benchmark\Mild_Demented\mild_673.jpg,Mild_Demented,Mild_Demented,0.9100359,3.0132078e-05,0.0026728583,0.0872611
Benchmark\Mild_Demented\augmented_249_mild_589.jpg,Mild_Demented,Mild_Demented,0.72649807,1.6852733e-05,2.0558606e-05,0.27346456
Benchmark\Non_Demented\non_2949.jpg,Non_Demented,Non_Demented,0.009001249,1.0761643e-08,0.98607606,0.0049227714
Benchmark\Very_Mild_Demented\augmented_35_verymild_142.jpg,Very_Mild_Demented,Very_Mild_Demented,0.14574285,2.4440536e-05,9.928997e-06,0.8542228
Benchmark\Very_Mild_Demented\augmented_68_verymild_1578.jpg,Very_Mild_Demented,Mild_Demented,0.73781925,5.985276e-06,2.5950733e-06,0.26217207
Benchmark\Mild_Demented\augmented_66_mild_3.jpg,Mild_Demented,Mild_Demented,0.7055205,3.671204e-05,7.194125e-08,0.29444268
Benchmark\Moderate_Demented\augmented_238_moderate_58.jpg,Moderate_Demented,Moderate_Demented,0.008871898,0.97690433,1.296047e-09,0.014223786
Benchmark\Moderate_Demented\augmented_176_moderate_53.jpg,Moderate_Demented,Moderate_Demented,1.0168166e-06,0.9999943,4.117641e-13,4.639771e-06
Benchmark\Very_Mild_Demented\verymild_824.jpg,Very_Mild_Demented,Non_Demented,9.995675e-05,2.1482811e-13,0.5617101,0.43818992
Benchmark\Mild_Demented\augmented_129_mild_154.jpg,Mild_Demented,Very_Mild_Demented,0.39943805,0.0012651057,0.00016849842,0.59912837
Benchmark\Non_Demented\non_3053.jpg,Non_Demented,Non_Demented,3.1380855e-06,2.0207601e-16,0.9740612,0.02593568
Benchmark\Very_Mild_Demented\verymild_2024.jpg,Very_Mild_Demented,Very_Mild_Demented,0.008090036,4.5529305e-08,0.4355217,0.5563882
Benchmark\Non_Demented\non_1299.jpg,Non_Demented,Non_Demented,0.002010737,1.7477161e-15,0.88348585,0.11450341
Benchmark\Non_Demented\non_3118.jpg,Non_Demented,Non_Demented,1.2992169e-07,7.295226e-12,0.99913615,0.00086370273
Benchmark\Very_Mild_Demented\verymild_119.jpg,Very_Mild_Demented,Very_Mild_Demented,0.0006296825,4.992895e-09,0.3588637,0.64050657
Benchmark\Mild_Demented\augmented_66_mild_757.jpg,Mild_Demented,Mild_Demented,0.82316273,9.416644e-08,3.070295e-09,0.17683718
Benchmark\Moderate_Demented\augmented_93_moderate_32.jpg,Moderate_Demented,Moderate_Demented,3.787451e-05,0.9999621,5.761532e-12,5.1304156e-09
Benchmark\Very_Mild_Demented\augmented_146_verymild_1944.jpg,Very_Mild_Demented,Very_Mild_Demented,0.20945382,0.00014964596,5.2885553e-05,0.79034364
Benchmark\Mild_Demented\augmented_168_mild_312.jpg,Mild_Demented,Mild_Demented,0.9997261,0.00026113968,3.027446e-09,1.268869e-05
Benchmark\Non_Demented\non_2577.jpg,Non_Demented,Very_Mild_Demented,0.0011219549,3.5014736e-08,0.22221725,0.77666086
Benchmark\Mild_Demented\augmented_50_mild_475.jpg,Mild_Demented,Mild_Demented,0.96791404,7.873652e-06,7.006348e-07,0.03207739
Benchmark\Very_Mild_Demented\verymild_494.jpg,Very_Mild_Demented,Non_Demented,0.0016880925,2.8232665e-09,0.6875476,0.31076425
Benchmark\Non_Demented\non_818.jpg,Non_Demented,Non_Demented,0.0015472597,1.9243679e-14,0.9953367,0.003116119
Benchmark\Moderate_Demented\augmented_31_moderate_42.jpg,Moderate_Demented,Moderate_Demented,0.014555765,0.9660031,1.2624149e-07,0.01944095
Benchmark\Moderate_Demented\augmented_140_moderate_51.jpg,Moderate_Demented,Moderate_Demented,0.021117192,0.97447735,1.1180275e-07,0.004405423
Benchmark\Very_Mild_Demented\augmented_63_verymild_273.jpg,Very_Mild_Demented,Very_Mild_Demented,0.4971132,0.00016586485,3.0735905e-06,0.5027179
Benchmark\Very_Mild_Demented\verymild_781.jpg,Very_Mild_Demented,Very_Mild_Demented,0.0003542007,3.7296898e-15,4.3565058e-05,0.99960226
Benchmark\Very_Mild_Demented\augmented_140_verymild_1934.jpg,Very_Mild_Demented,Mild_Demented,0.6112158,0.166354,5.1469375e-05,0.22237884
Benchmark\Very_Mild_Demented\verymild_2052.jpg,Very_Mild_Demented,Very_Mild_Demented,0.0018725382,1.4036873e-05,0.09854597,0.8995675
Benchmark\Mild_Demented\augmented_55_mild_707.jpg,Mild_Demented,Mild_Demented,0.92725253,6.750284e-06,4.834485e-08,0.07274069
Benchmark\Moderate_Demented\augmented_78_moderate_35.jpg,Moderate_Demented,Moderate_Demented,6.094704e-07,0.9999993,5.817721e-09,1.09582594e-07
Benchmark\Moderate_Demented\augmented_41_moderate_49.jpg,Moderate_Demented,Mild_Demented,0.90051734,0.015798513,0.0033649344,0.08031926
Benchmark\Moderate_Demented\augmented_140_moderate_34.jpg,Moderate_Demented,Moderate_Demented,0.054672856,0.9159465,2.0827008e-07,0.029380446
Benchmark\Very_Mild_Demented\verymild_667.jpg,Very_Mild_Demented,Very_Mild_Demented,0.088081256,1.0886337e-06,0.20726433,0.7046534
Benchmark\Moderate_Demented\augmented_247_moderate_34.jpg,Moderate_Demented,Mild_Demented,0.61732584,0.3616175,0.0002961788,0.02076047
Benchmark\Very_Mild_Demented\verymild_2210.jpg,Very_Mild_Demented,Very_Mild_Demented,0.0054870225,8.005034e-08,0.0063004484,0.9882124
Benchmark\Moderate_Demented\augmented_116_moderate_34.jpg,Moderate_Demented,Mild_Demented,0.5567471,0.013173266,0.00014789637,0.42993176
Benchmark\Mild_Demented\augmented_103_mild_389.jpg,Mild_Demented,Mild_Demented,0.9882649,9.518527e-05,2.3253447e-06,0.011637568
Benchmark\Non_Demented\non_771.jpg,Non_Demented,Very_Mild_Demented,0.000109132576,1.6762583e-11,0.10966077,0.8902301
Benchmark\Mild_Demented\augmented_114_mild_403.jpg,Mild_Demented,Mild_Demented,0.98341733,0.016218504,2.6484852e-07,0.00036390207
Benchmark\Moderate_Demented\augmented_167_moderate_40.jpg,Moderate_Demented,Moderate_Demented,0.0023251974,0.9923113,7.690241e-11,0.0053635654
Benchmark\Non_Demented\non_2557.jpg,Non_Demented,Very_Mild_Demented,0.00023749945,4.683016e-12,0.13175136,0.8680111
Benchmark\Very_Mild_Demented\verymild_1171.jpg,Very_Mild_Demented,Very_Mild_Demented,0.05118766,2.535228e-08,0.3733033,0.575509
Benchmark\Very_Mild_Demented\augmented_6_verymild_173.jpg,Very_Mild_Demented,Very_Mild_Demented,0.2550437,0.32129171,0.00022320621,0.42344135
Benchmark\Non_Demented\non_772.jpg,Non_Demented,Very_Mild_Demented,0.033019844,9.683296e-08,0.2905452,0.6764349
Benchmark\Moderate_Demented\augmented_175_moderate_16.jpg,Moderate_Demented,Moderate_Demented,0.032287166,0.9677095,1.9315554e-11,3.2937762e-06
Benchmark\Very_Mild_Demented\verymild_948.jpg,Very_Mild_Demented,Very_Mild_Demented,0.0003110873,7.777538e-09,0.036748715,0.96294016
Benchmark\Mild_Demented\augmented_93_mild_117.jpg,Mild_Demented,Very_Mild_Demented,0.40952122,0.0021287806,1.6112605e-06,0.5883484
Benchmark\Non_Demented\non_1609.jpg,Non_Demented,Very_Mild_Demented,0.0002834144,9.768326e-11,0.02388649,0.9758301
Benchmark\Moderate_Demented\augmented_216_moderate_55.jpg,Moderate_Demented,Moderate_Demented,0.17811792,0.7984093,7.555561e-07,0.023471946
Benchmark\Moderate_Demented\augmented_155_moderate_28.jpg,Moderate_Demented,Moderate_Demented,0.014920039,0.98504525,2.9922152e-12,3.4714798e-05
Benchmark\Non_Demented\non_20.jpg,Non_Demented,Non_Demented,1.2993328e-08,2.1491401e-17,0.99984443,0.00015556024
Benchmark\Moderate_Demented\augmented_44_moderate_13.jpg,Moderate_Demented,Moderate_Demented,0.44930995,0.55055106,2.6428344e-11,0.0001389766
Benchmark\Mild_Demented\augmented_2_mild_597.jpg,Mild_Demented,Mild_Demented,0.89992917,5.9262693e-06,0.01704447,0.083020456
Benchmark\Mild_Demented\augmented_198_mild_723.jpg,Mild_Demented,Mild_Demented,0.91166085,1.3595836e-08,7.620102e-07,0.088338405
Benchmark\Non_Demented\non_2995.jpg,Non_Demented,Non_Demented,0.0006170135,2.6569918e-08,0.9086723,0.09071072
Benchmark\Very_Mild_Demented\augmented_234_verymild_1450.jpg,Very_Mild_Demented,Mild_Demented,0.58993095,0.0025386324,0.000100157304,0.40743026
Benchmark\Mild_Demented\mild_236.jpg,Mild_Demented,Mild_Demented,0.9999132,4.4423967e-09,7.407233e-05,1.28057e-05
Benchmark\Mild_Demented\augmented_104_mild_765.jpg,Mild_Demented,Mild_Demented,0.6495779,0.001155135,1.3242336e-05,0.3492537
Benchmark\Moderate_Demented\augmented_227_moderate.jpg,Moderate_Demented,Moderate_Demented,1.1432445e-05,0.9999883,5.2910584e-13,2.5549002e-07
Benchmark\Moderate_Demented\augmented_115_moderate_45.jpg,Moderate_Demented,Moderate_Demented,0.0040353662,0.99382013,1.4093374e-09,0.0021444815
Benchmark\Mild_Demented\augmented_193_mild_11.jpg,Mild_Demented,Mild_Demented,0.7761361,0.00056324323,2.3422842e-06,0.22329828
Benchmark\Moderate_Demented\augmented_16_moderate_18.jpg,Moderate_Demented,Moderate_Demented,0.0014044022,0.99859554,1.3085469e-19,2.7937526e-08
Benchmark\Mild_Demented\augmented_46_mild_457.jpg,Mild_Demented,Mild_Demented,0.8386121,1.4747884e-06,1.517835e-06,0.16138493
Benchmark\Very_Mild_Demented\verymild_2195.jpg,Very_Mild_Demented,Very_Mild_Demented,0.001416272,2.5250024e-10,0.33443537,0.66414833
Benchmark\Non_Demented\non_1968.jpg,Non_Demented,Non_Demented,5.785751e-11,7.0197564e-23,0.99999833,1.6396692e-06
Benchmark\Very_Mild_Demented\verymild_1716.jpg,Very_Mild_Demented,Very_Mild_Demented,0.02949933,1.7102111e-10,1.7948869e-05,0.9704827
Benchmark\Mild_Demented\augmented_179_mild_714.jpg,Mild_Demented,Mild_Demented,0.95857906,0.00066410576,1.1147726e-05,0.04074561
Benchmark\Mild_Demented\augmented_25_mild_527.jpg,Mild_Demented,Mild_Demented,0.562869,0.057974696,0.0036341466,0.3755221
Benchmark\Mild_Demented\mild_312.jpg,Mild_Demented,Very_Mild_Demented,0.13012141,7.381669e-10,0.14268391,0.72719467
Benchmark\Mild_Demented\augmented_197_mild.jpg,Mild_Demented,Mild_Demented,0.84034336,6.977325e-06,3.0683165e-07,0.15964939
Benchmark\Non_Demented\non_700.jpg,Non_Demented,Very_Mild_Demented,0.0005608556,1.3846526e-09,0.16449644,0.83494276
Benchmark\Non_Demented\non_3186.jpg,Non_Demented,Non_Demented,3.6421977e-06,5.157971e-13,0.995981,0.004015367
Benchmark\Very_Mild_Demented\verymild_1661.jpg,Very_Mild_Demented,Very_Mild_Demented,0.22129115,5.5394732e-05,0.24346446,0.5351891
Benchmark\Non_Demented\non_2029.jpg,Non_Demented,Non_Demented,7.876181e-09,4.055745e-18,0.9998217,0.00017833916
Benchmark\Non_Demented\non_2295.jpg,Non_Demented,Non_Demented,0.2688071,3.240901e-06,0.3927073,0.33848235
Benchmark\Non_Demented\non_2820.jpg,Non_Demented,Non_Demented,0.00012767571,1.884471e-12,0.88837886,0.111493476
Benchmark\Non_Demented\non_1221.jpg,Non_Demented,Non_Demented,7.987598e-05,2.3786526e-12,0.7177847,0.2821354
Benchmark\Very_Mild_Demented\verymild_1269.jpg,Very_Mild_Demented,Very_Mild_Demented,0.00018752021,8.385736e-12,0.009518228,0.9902942
Benchmark\Mild_Demented\augmented_170_mild_19.jpg,Mild_Demented,Mild_Demented,0.7431948,0.06571459,3.634821e-07,0.19109021
Benchmark\Non_Demented\non_2341.jpg,Non_Demented,Non_Demented,0.006759495,6.2481638e-09,0.8212337,0.1720068
Benchmark\Mild_Demented\augmented_6_mild_450.jpg,Mild_Demented,Very_Mild_Demented,0.18662612,0.09460614,0.005193512,0.71357423
Benchmark\Moderate_Demented\augmented_27_moderate_60.jpg,Moderate_Demented,Moderate_Demented,0.19225407,0.6223763,2.0220537e-07,0.18536942
Benchmark\Moderate_Demented\augmented_61_moderate_20.jpg,Moderate_Demented,Moderate_Demented,0.0024610737,0.9975389,2.1957296e-15,4.5268416e-09
Benchmark\Mild_Demented\augmented_33_mild_626.jpg,Mild_Demented,Mild_Demented,0.6708977,0.008070691,0.00096285087,0.32006872
Benchmark\Moderate_Demented\augmented_41_moderate_48.jpg,Moderate_Demented,Moderate_Demented,0.00698486,0.98165053,0.0001308451,0.0112337675
Benchmark\Non_Demented\non_1300.jpg,Non_Demented,Non_Demented,2.9683606e-11,7.3904474e-29,0.9977679,0.0022320878
Benchmark\Mild_Demented\augmented_249_mild_576.jpg,Mild_Demented,Mild_Demented,0.86816186,0.00022583459,1.494329e-06,0.13161081
Benchmark\Very_Mild_Demented\verymild_189.jpg,Very_Mild_Demented,Non_Demented,0.00032384458,6.11848e-11,0.7900412,0.20963486
Benchmark\Moderate_Demented\augmented_211_moderate_50.jpg,Moderate_Demented,Moderate_Demented,0.006410756,0.9862386,7.497599e-09,0.0073506483
Benchmark\Mild_Demented\augmented_35_mild_547.jpg,Mild_Demented,Mild_Demented,0.9999491,1.1586668e-09,1.0877282e-12,5.0851457e-05
Benchmark\Non_Demented\non_674.jpg,Non_Demented,Non_Demented,1.451002e-09,4.6995476e-22,0.87394714,0.12605281
Benchmark\Non_Demented\non_1034.jpg,Non_Demented,Very_Mild_Demented,0.011037427,1.6652336e-06,0.08979203,0.89916885
Benchmark\Very_Mild_Demented\verymild_1733.jpg,Very_Mild_Demented,Mild_Demented,0.72068924,0.0003230271,0.007720225,0.27126747
Benchmark\Mild_Demented\augmented_26_mild_798.jpg,Mild_Demented,Very_Mild_Demented,0.069896914,2.4257322e-06,1.7880437e-05,0.93008274
Benchmark\Very_Mild_Demented\augmented_166_verymild_1043.jpg,Very_Mild_Demented,Mild_Demented,0.97036225,0.016842945,8.456258e-09,0.012794839
Benchmark\Mild_Demented\augmented_104_mild_44.jpg,Mild_Demented,Mild_Demented,0.60648054,0.0007045754,5.838662e-06,0.39280903
Benchmark\Moderate_Demented\augmented_165_moderate_11.jpg,Moderate_Demented,Moderate_Demented,0.00079804106,0.9988732,2.062855e-10,0.00032872072
Benchmark\Non_Demented\non_634.jpg,Non_Demented,Non_Demented,0.0008858932,2.8389127e-12,0.66427773,0.33483636
Benchmark\Non_Demented\non_1795.jpg,Non_Demented,Non_Demented,0.08660083,4.302793e-06,0.51259935,0.40079555
Benchmark\Moderate_Demented\augmented_154_moderate_57.jpg,Moderate_Demented,Moderate_Demented,3.7820228e-05,0.99996114,2.2722879e-14,1.0999918e-06
Benchmark\Mild_Demented\augmented_132_mild_266.jpg,Mild_Demented,Mild_Demented,0.9999906,9.36877e-06,3.1776002e-11,6.427258e-08
Benchmark\Very_Mild_Demented\verymild_1992.jpg,Very_Mild_Demented,Very_Mild_Demented,0.09145437,2.4237668e-06,0.0018339802,0.9067093
Benchmark\Very_Mild_Demented\augmented_221_verymild_417.jpg,Very_Mild_Demented,Very_Mild_Demented,0.37089255,0.04028834,0.0005079074,0.58831125
Benchmark\Mild_Demented\mild_208.jpg,Mild_Demented,Mild_Demented,0.86021876,1.043289e-05,0.09756826,0.042202506
Benchmark\Non_Demented\non_2485.jpg,Non_Demented,Non_Demented,0.0037446222,3.4851474e-10,0.89617306,0.100082435
Benchmark\Mild_Demented\augmented_36_mild_684.jpg,Mild_Demented,Moderate_Demented,0.1611307,0.81966674,2.1202178e-08,0.019202508
Benchmark\Very_Mild_Demented\augmented_134_verymild_2230.jpg,Very_Mild_Demented,Mild_Demented,0.7220885,0.0026514062,4.5569896e-06,0.2752555
Benchmark\Mild_Demented\augmented_237_mild_564.jpg,Mild_Demented,Mild_Demented,0.47071669,0.078501895,2.9189492e-05,0.45075223
Benchmark\Non_Demented\non_2704.jpg,Non_Demented,Non_Demented,8.432463e-07,3.91731e-13,0.985261,0.01473814
Benchmark\Mild_Demented\augmented_207_mild_74.jpg,Mild_Demented,Mild_Demented,0.672726,3.8106973e-05,1.1370312e-05,0.32722446
Benchmark\Very_Mild_Demented\verymild_1295.jpg,Very_Mild_Demented,Very_Mild_Demented,0.044322237,2.0386873e-08,0.0010493159,0.9546284
Benchmark\Moderate_Demented\augmented_96_moderate_13.jpg,Moderate_Demented,Moderate_Demented,2.104076e-05,0.99997866,5.105618e-16,2.2261163e-07
Benchmark\Mild_Demented\augmented_45_mild_431.jpg,Mild_Demented,Mild_Demented,0.96533585,4.1065756e-05,2.540333e-07,0.034622908
Benchmark\Mild_Demented\mild_604.jpg,Mild_Demented,Mild_Demented,0.9981558,2.369372e-05,0.0014732615,0.00034736874
Benchmark\Moderate_Demented\augmented_258_moderate_2.jpg,Moderate_Demented,Moderate_Demented,0.0027605882,0.9850219,2.6257836e-11,0.012217421
Benchmark\Very_Mild_Demented\augmented_146_verymild_1661.jpg,Very_Mild_Demented,Mild_Demented,0.50668746,8.858398e-06,2.4056163e-07,0.49330345
Benchmark\Moderate_Demented\augmented_118_moderate_16.jpg,Moderate_Demented,Moderate_Demented,0.025744265,0.9742376,3.784489e-13,1.8170065e-05
Benchmark\Very_Mild_Demented\verymild_1467.jpg,Very_Mild_Demented,Non_Demented,0.0012422075,9.1315606e-08,0.90631235,0.09244531
Benchmark\Very_Mild_Demented\verymild_218.jpg,Very_Mild_Demented,Very_Mild_Demented,0.0010261986,2.1108901e-06,0.11291135,0.88606036
Benchmark\Very_Mild_Demented\verymild_132.jpg,Very_Mild_Demented,Very_Mild_Demented,0.00023328104,1.270031e-08,0.2653792,0.7343875
Benchmark\Moderate_Demented\augmented_45_moderate_53.jpg,Moderate_Demented,Moderate_Demented,1.9144045e-05,0.9999808,1.6206832e-10,1.4341666e-08
Benchmark\Non_Demented\non_2787.jpg,Non_Demented,Non_Demented,1.1712942e-05,3.870515e-12,0.9840911,0.015897192
Benchmark\Moderate_Demented\augmented_257_moderate_17.jpg,Moderate_Demented,Moderate_Demented,0.00029311975,0.99970657,2.6680358e-15,2.3065854e-07
Benchmark\Non_Demented\non_3043.jpg,Non_Demented,Non_Demented,5.6444333e-06,1.9962037e-07,0.7887268,0.21126732
Benchmark\Moderate_Demented\augmented_7_moderate_4.jpg,Moderate_Demented,Moderate_Demented,0.0014534857,0.9905495,1.2081897e-10,0.00799708
Benchmark\Non_Demented\non_2707.jpg,Non_Demented,Non_Demented,0.04958071,2.6102889e-09,0.94515574,0.0052635795
Benchmark\Non_Demented\non_1309.jpg,Non_Demented,Very_Mild_Demented,4.52529e-06,8.5706225e-13,0.25040054,0.749595
Benchmark\Mild_Demented\mild_711.jpg,Mild_Demented,Very_Mild_Demented,0.37915432,2.6674654e-06,0.030301321,0.59054166
Benchmark\Moderate_Demented\augmented_110_moderate_28.jpg,Moderate_Demented,Moderate_Demented,0.16409335,0.8302648,8.668499e-09,0.0056417445
Benchmark\Mild_Demented\augmented_123_mild_789.jpg,Mild_Demented,Mild_Demented,0.6026146,0.0053161583,6.805029e-05,0.3920013
Benchmark\Very_Mild_Demented\verymild_320.jpg,Very_Mild_Demented,Very_Mild_Demented,0.016877338,6.9761037e-09,5.128361e-08,0.98312265
Benchmark\Moderate_Demented\augmented_245_moderate_9.jpg,Moderate_Demented,Moderate_Demented,0.0054869195,0.99286133,4.727762e-10,0.0016516439
Benchmark\Non_Demented\non_2946.jpg,Non_Demented,Non_Demented,2.2169484e-06,1.7565427e-21,0.99999213,5.5702412e-06
Benchmark\Moderate_Demented\augmented_4_moderate_27.jpg,Moderate_Demented,Very_Mild_Demented,0.03601754,0.45698613,0.0243809,0.48261538
Benchmark\Mild_Demented\augmented_86_mild_299.jpg,Mild_Demented,Mild_Demented,0.9998803,2.2092918e-05,4.7710663e-10,9.755404e-05
Benchmark\Mild_Demented\augmented_228_mild_286.jpg,Mild_Demented,Mild_Demented,0.99988675,4.3537143e-06,1.0385931e-09,0.0001089276
Benchmark\Non_Demented\non_194.jpg,Non_Demented,Mild_Demented,0.5043001,0.00016855593,0.39485702,0.10067427
Benchmark\Very_Mild_Demented\verymild_2150.jpg,Very_Mild_Demented,Very_Mild_Demented,0.012865142,1.0638147e-11,0.15420987,0.83292496
Benchmark\Mild_Demented\mild_779.jpg,Mild_Demented,Very_Mild_Demented,0.17630902,9.73989e-07,0.3041196,0.5195704
Benchmark\Moderate_Demented\augmented_3_moderate_41.jpg,Moderate_Demented,Moderate_Demented,5.6751463e-07,0.9999987,4.98615e-10,6.966178e-07
Benchmark\Very_Mild_Demented\augmented_206_verymild_1217.jpg,Very_Mild_Demented,Mild_Demented,0.8563295,3.5180253e-08,3.122239e-06,0.14366727
Benchmark\Very_Mild_Demented\augmented_15_verymild_1425.jpg,Very_Mild_Demented,Mild_Demented,0.51383424,1.8797182e-07,1.8846084e-06,0.4861637
Benchmark\Very_Mild_Demented\verymild_1692.jpg,Very_Mild_Demented,Non_Demented,0.033328723,2.7974552e-06,0.72829294,0.23837556
Benchmark\Mild_Demented\mild_422.jpg,Mild_Demented,Very_Mild_Demented,0.020951614,1.5191021e-07,0.4708477,0.5082005
Benchmark\Moderate_Demented\augmented_54_moderate_6.jpg,Moderate_Demented,Moderate_Demented,3.4172603e-09,1.0,1.2842598e-16,2.547011e-09
Benchmark\Very_Mild_Demented\verymild_1800.jpg,Very_Mild_Demented,Very_Mild_Demented,0.0019898275,5.309562e-09,0.2640029,0.7340073
Benchmark\Very_Mild_Demented\augmented_105_verymild_1135.jpg,Very_Mild_Demented,Mild_Demented,0.6385865,0.058355432,0.00021684478,0.30284116
Benchmark\Mild_Demented\mild_102.jpg,Mild_Demented,Non_Demented,0.014200946,6.2202904e-05,0.8457603,0.13997659
Benchmark\Very_Mild_Demented\verymild_129.jpg,Very_Mild_Demented,Very_Mild_Demented,0.0061887903,2.8489072e-07,0.019931864,0.9738791
Benchmark\Non_Demented\non_1466.jpg,Non_Demented,Non_Demented,1.830717e-11,7.0207865e-30,0.9999999,6.368353e-08
Benchmark\Very_Mild_Demented\verymild_1312.jpg,Very_Mild_Demented,Very_Mild_Demented,0.0005992594,7.444199e-07,0.052212697,0.9471873
Benchmark\Non_Demented\non_1951.jpg,Non_Demented,Non_Demented,0.00012613722,9.584018e-12,0.98715496,0.012718924
Benchmark\Non_Demented\non_635.jpg,Non_Demented,Non_Demented,5.522217e-13,1.8047551e-20,1.0,2.3413291e-09
Benchmark\Non_Demented\non_2289.jpg,Non_Demented,Non_Demented,0.0004909098,5.2561655e-10,0.9229616,0.07654741
Benchmark\Non_Demented\non_470.jpg,Non_Demented,Very_Mild_Demented,0.0057938183,1.42351295e-08,0.36631098,0.6278952
Benchmark\Mild_Demented\mild_742.jpg,Mild_Demented,Non_Demented,0.15885597,2.1899451e-07,0.5706463,0.27049756
Benchmark\Very_Mild_Demented\verymild_217.jpg,Very_Mild_Demented,Very_Mild_Demented,0.028290726,0.00021230729,0.12853691,0.84296006
Benchmark\Mild_Demented\augmented_106_mild_40.jpg,Mild_Demented,Mild_Demented,0.78667676,5.865644e-06,2.0284668e-11,0.21331733
Benchmark\Moderate_Demented\augmented_74_moderate_31.jpg,Moderate_Demented,Moderate_Demented,0.18041801,0.7920652,2.7488231e-06,0.027514035
Benchmark\Mild_Demented\augmented_120_mild_328.jpg,Mild_Demented,Mild_Demented,0.9991679,0.0007295418,9.031072e-08,0.000102427985
Benchmark\Non_Demented\non_1215.jpg,Non_Demented,Non_Demented,2.0139734e-09,4.6416477e-26,0.9999379,6.215426e-05
Benchmark\Moderate_Demented\augmented_45_moderate_60.jpg,Moderate_Demented,Moderate_Demented,1.0662534e-09,1.0,1.154219e-17,8.353973e-09
Benchmark\Non_Demented\non_250.jpg,Non_Demented,Non_Demented,4.858639e-05,2.3396829e-06,0.66483235,0.3351167
Benchmark\Mild_Demented\augmented_238_mild_7.jpg,Mild_Demented,Moderate_Demented,0.014881891,0.9312299,4.7130135e-07,0.053887714
Benchmark\Very_Mild_Demented\verymild_1239.jpg,Very_Mild_Demented,Mild_Demented,0.8511123,1.1385855e-05,0.08626382,0.062612504
Benchmark\Very_Mild_Demented\verymild_2015.jpg,Very_Mild_Demented,Non_Demented,0.00014824269,3.1766623e-12,0.9691048,0.030747013
Benchmark\Very_Mild_Demented\augmented_180_verymild_285.jpg,Very_Mild_Demented,Mild_Demented,0.63131016,0.0012661605,0.00022760827,0.36719614
Benchmark\Moderate_Demented\augmented_162_moderate_52.jpg,Moderate_Demented,Moderate_Demented,0.007192304,0.98406756,2.9999767e-09,0.008740203
Benchmark\Moderate_Demented\augmented_184_moderate_42.jpg,Moderate_Demented,Moderate_Demented,0.013804763,0.76646405,4.0358525e-10,0.21973115
Benchmark\Non_Demented\non_1985.jpg,Non_Demented,Very_Mild_Demented,0.09535511,7.1307005e-07,0.23393744,0.6707067
Benchmark\Very_Mild_Demented\augmented_183_verymild_2210.jpg,Very_Mild_Demented,Moderate_Demented,0.0013519461,0.96292317,3.5804078e-07,0.03572453
Benchmark\Moderate_Demented\augmented_72_moderate_16.jpg,Moderate_Demented,Moderate_Demented,0.0117120175,0.98820204,1.8032557e-14,8.603655e-05
Benchmark\Mild_Demented\augmented_101_mild_704.jpg,Mild_Demented,Very_Mild_Demented,0.477444,0.031120727,0.00019515645,0.4912401
Benchmark\Mild_Demented\augmented_80_mild_251.jpg,Mild_Demented,Mild_Demented,0.89450526,2.5131988e-06,2.0958048e-06,0.10549006
Benchmark\Very_Mild_Demented\verymild_1219.jpg,Very_Mild_Demented,Very_Mild_Demented,3.7377968e-06,1.1722287e-15,0.014618941,0.9853774
Benchmark\Non_Demented\non_2303.jpg,Non_Demented,Non_Demented,2.8078399e-05,1.2874365e-07,0.61614305,0.3838287
Benchmark\Very_Mild_Demented\augmented_132_verymild_1638.jpg,Very_Mild_Demented,Mild_Demented,0.554706,0.33810347,1.0552607e-05,0.10718
Benchmark\Mild_Demented\augmented_89_mild_434.jpg,Mild_Demented,Mild_Demented,0.8292347,0.00073632074,2.0135072e-07,0.17002876
Benchmark\Very_Mild_Demented\verymild_1977.jpg,Very_Mild_Demented,Very_Mild_Demented,0.0014719343,2.3089282e-08,0.10873016,0.8897979
Benchmark\Non_Demented\non_2294.jpg,Non_Demented,Very_Mild_Demented,0.0033925162,7.0332035e-08,0.26912934,0.727478
Benchmark\Non_Demented\non_2354.jpg,Non_Demented,Non_Demented,0.031215036,3.175286e-08,0.80206996,0.16671494
Benchmark\Moderate_Demented\augmented_22_moderate_54.jpg,Moderate_Demented,Moderate_Demented,0.03143759,0.91723096,3.697122e-07,0.05133117
Benchmark\Mild_Demented\augmented_12_mild_108.jpg,Mild_Demented,Mild_Demented,0.85717624,5.8928872e-05,9.2706826e-10,0.14276485
Benchmark\Moderate_Demented\augmented_126_moderate_37.jpg,Moderate_Demented,Moderate_Demented,0.0006112147,0.99932635,9.844429e-13,6.243291e-05
Benchmark\Very_Mild_Demented\augmented_32_verymild_129.jpg,Very_Mild_Demented,Very_Mild_Demented,0.21740887,0.023111094,8.930897e-06,0.759471
Benchmark\Very_Mild_Demented\verymild_2180.jpg,Very_Mild_Demented,Non_Demented,0.0011199714,4.191311e-12,0.9115182,0.0873618
Benchmark\Mild_Demented\mild_254.jpg,Mild_Demented,Very_Mild_Demented,0.021313094,2.178995e-07,0.0029934826,0.97569317
Benchmark\Non_Demented\non_461.jpg,Non_Demented,Very_Mild_Demented,1.0281876e-05,1.9448523e-12,0.47897893,0.52101076
Benchmark\Very_Mild_Demented\augmented_112_verymild_1362.jpg,Very_Mild_Demented,Very_Mild_Demented,0.084519565,1.0992952e-08,1.925096e-08,0.9154805
Benchmark\Very_Mild_Demented\augmented_77_verymild_226.jpg,Very_Mild_Demented,Mild_Demented,0.6204764,0.0038383303,1.2988697e-07,0.37568507
Benchmark\Very_Mild_Demented\verymild_1507.jpg,Very_Mild_Demented,Very_Mild_Demented,7.3693314e-05,1.1291898e-10,0.026506366,0.97341996
Benchmark\Non_Demented\non_3072.jpg,Non_Demented,Very_Mild_Demented,0.0074772057,1.1550126e-06,0.49092725,0.50159436
Benchmark\Very_Mild_Demented\verymild_98.jpg,Very_Mild_Demented,Very_Mild_Demented,0.014656891,2.706218e-10,0.1561769,0.8291662
Benchmark\Moderate_Demented\augmented_87_moderate.jpg,Moderate_Demented,Moderate_Demented,0.024138527,0.9680554,2.9642453e-09,0.00780595
Benchmark\Mild_Demented\augmented_44_mild_745.jpg,Mild_Demented,Mild_Demented,0.7559859,8.1427774e-05,0.0004420711,0.24349062
Benchmark\Mild_Demented\augmented_216_mild_162.jpg,Mild_Demented,Very_Mild_Demented,0.21559519,1.8222847e-06,4.977967e-06,0.7843981
Benchmark\Non_Demented\non_85.jpg,Non_Demented,Non_Demented,5.1512775e-06,2.8928272e-16,0.99128145,0.008713349
Benchmark\Moderate_Demented\augmented_55_moderate_36.jpg,Moderate_Demented,Moderate_Demented,0.0001689421,0.9997621,2.3218607e-09,6.888658e-05
Benchmark\Mild_Demented\augmented_67_mild_364.jpg,Mild_Demented,Mild_Demented,0.9578289,2.712408e-06,3.0425945e-10,0.042168442
Benchmark\Moderate_Demented\augmented_211_moderate_20.jpg,Moderate_Demented,Moderate_Demented,0.0043952214,0.9955972,9.947435e-15,7.584204e-06
Benchmark\Non_Demented\non_3146.jpg,Non_Demented,Non_Demented,0.08241645,2.422408e-08,0.9140902,0.0034932436
Benchmark\Mild_Demented\augmented_91_mild_317.jpg,Mild_Demented,Mild_Demented,0.99869186,0.00015062188,2.0430033e-07,0.0011573338
Benchmark\Mild_Demented\mild_145.jpg,Mild_Demented,Very_Mild_Demented,0.008834713,2.0484421e-10,0.0017502846,0.98941505
Benchmark\Very_Mild_Demented\augmented_235_verymild_2068.jpg,Very_Mild_Demented,Mild_Demented,0.865679,4.7748845e-06,6.836338e-07,0.13431554
Benchmark\Non_Demented\non_558.jpg,Non_Demented,Non_Demented,2.6496693e-07,4.394654e-18,0.99999404,5.7489947e-06
Benchmark\Non_Demented\non_2250.jpg,Non_Demented,Non_Demented,2.617259e-06,3.9833948e-17,0.9985001,0.0014972695
Benchmark\Mild_Demented\augmented_190_mild_123.jpg,Mild_Demented,Mild_Demented,0.6836756,0.1678735,1.1822996e-08,0.14845088
Benchmark\Non_Demented\non_17.jpg,Non_Demented,Non_Demented,1.5813916e-11,3.7416786e-22,0.99999976,2.321281e-07
Benchmark\Moderate_Demented\augmented_186_moderate_34.jpg,Moderate_Demented,Moderate_Demented,0.0006097093,0.9680467,3.2595537e-12,0.031343557
Benchmark\Moderate_Demented\augmented_26_moderate_57.jpg,Moderate_Demented,Moderate_Demented,1.4666878e-05,0.99989724,3.6178985e-10,8.807197e-05
Benchmark\Moderate_Demented\augmented_220_moderate_33.jpg,Moderate_Demented,Very_Mild_Demented,0.4102734,0.11816055,0.052057434,0.4195086
Benchmark\Moderate_Demented\augmented_28_moderate_19.jpg,Moderate_Demented,Mild_Demented,0.9896548,0.007908718,4.131055e-08,0.002436519
Benchmark\Non_Demented\non_1912.jpg,Non_Demented,Non_Demented,0.011784472,9.0098465e-06,0.88845515,0.09975128
Benchmark\Non_Demented\non_267.jpg,Non_Demented,Non_Demented,0.09127315,9.179761e-12,0.8365938,0.07213301
Benchmark\Moderate_Demented\augmented_34_moderate_62.jpg,Moderate_Demented,Moderate_Demented,0.003953822,0.99493545,2.022587e-09,0.0011106977
Benchmark\Mild_Demented\mild_283.jpg,Mild_Demented,Very_Mild_Demented,0.002074562,1.3751262e-09,0.0887549,0.9091706
Benchmark\Moderate_Demented\augmented_11_moderate_2.jpg,Moderate_Demented,Moderate_Demented,0.0005500883,0.99895656,4.575773e-12,0.0004934191
Benchmark\Very_Mild_Demented\augmented_8_verymild_1924.jpg,Very_Mild_Demented,Non_Demented,0.016956257,0.00020008459,0.69630396,0.28653964
Benchmark\Very_Mild_Demented\augmented_200_verymild_1481.jpg,Very_Mild_Demented,Very_Mild_Demented,0.0028813933,1.4210397e-12,8.429952e-10,0.9971186
Benchmark\Moderate_Demented\augmented_251_moderate_8.jpg,Moderate_Demented,Moderate_Demented,8.879796e-09,0.99991655,3.324327e-16,8.3432766e-05
Benchmark\Non_Demented\non_531.jpg,Non_Demented,Very_Mild_Demented,9.203706e-05,1.8992527e-10,0.48106265,0.5188453
Benchmark\Very_Mild_Demented\augmented_20_verymild_1453.jpg,Very_Mild_Demented,Very_Mild_Demented,0.049268637,0.005659059,0.0061912835,0.93888104
Benchmark\Very_Mild_Demented\augmented_64_verymild_122.jpg,Very_Mild_Demented,Very_Mild_Demented,0.360926,9.795185e-05,2.0883215e-07,0.63897586
Benchmark\Mild_Demented\augmented_31_mild_480.jpg,Mild_Demented,Mild_Demented,0.7997318,0.0001140792,1.4554363e-09,0.20015416
Benchmark\Non_Demented\non_1332.jpg,Non_Demented,Very_Mild_Demented,0.005787751,3.1164426e-08,0.29580373,0.6984085
Benchmark\Mild_Demented\augmented_77_mild_412.jpg,Mild_Demented,Mild_Demented,0.9998392,0.0001416544,2.4639528e-08,1.9144602e-05
Benchmark\Non_Demented\non_1123.jpg,Non_Demented,Non_Demented,0.00040485055,6.966064e-11,0.92492694,0.07466825
Benchmark\Very_Mild_Demented\verymild_1929.jpg,Very_Mild_Demented,Very_Mild_Demented,2.6439713e-05,1.3621637e-08,0.37372375,0.62624985
Benchmark\Mild_Demented\augmented_168_mild_813.jpg,Mild_Demented,Mild_Demented,0.9753091,1.9551005e-07,1.822652e-08,0.024690766
Benchmark\Non_Demented\non_2634.jpg,Non_Demented,Non_Demented,0.00818824,5.8650025e-12,0.64467907,0.3471327
Benchmark\Mild_Demented\mild_413.jpg,Mild_Demented,Mild_Demented,0.88045335,1.8176977e-09,0.0022305048,0.117316246
Benchmark\Mild_Demented\augmented_100_mild_715.jpg,Mild_Demented,Mild_Demented,0.8517967,0.0058849123,8.860113e-07,0.14231744
Benchmark\Non_Demented\non_1005.jpg,Non_Demented,Very_Mild_Demented,0.010203549,3.634922e-06,0.23972912,0.7500636
Benchmark\Mild_Demented\augmented_164_mild_736.jpg,Mild_Demented,Mild_Demented,0.6559423,6.689223e-05,1.114213e-06,0.34398973
Benchmark\Mild_Demented\augmented_66_mild_208.jpg,Mild_Demented,Mild_Demented,0.7415531,0.25844583,4.037028e-11,1.0382448e-06
Benchmark\Mild_Demented\augmented_33_mild_471.jpg,Mild_Demented,Mild_Demented,0.9259643,1.3538529e-06,2.9869844e-07,0.074034035
Benchmark\Non_Demented\non_939.jpg,Non_Demented,Non_Demented,9.929692e-13,1.3613485e-22,1.0,9.806188e-09
Benchmark\Moderate_Demented\augmented_140_moderate_15.jpg,Moderate_Demented,Mild_Demented,0.9414792,0.058520764,8.904565e-17,4.88183e-10
Benchmark\Non_Demented\non_2176.jpg,Non_Demented,Non_Demented,0.00040476667,2.6939634e-10,0.5156748,0.4839204
Benchmark\Non_Demented\non_3134.jpg,Non_Demented,Non_Demented,0.0136462785,2.5741127e-09,0.587276,0.3990777
Benchmark\Very_Mild_Demented\augmented_202_verymild_1421.jpg,Very_Mild_Demented,Very_Mild_Demented,0.20769075,9.1632544e-05,0.00012616778,0.79209155
Benchmark\Mild_Demented\augmented_66_mild_629.jpg,Mild_Demented,Mild_Demented,0.6356753,1.8581272e-06,5.236507e-09,0.3643228
Benchmark\Non_Demented\non_562.jpg,Non_Demented,Very_Mild_Demented,0.032528643,0.06093027,0.011663284,0.89487785
Benchmark\Very_Mild_Demented\verymild_112.jpg,Very_Mild_Demented,Very_Mild_Demented,0.0062084207,3.246945e-07,0.044830017,0.9489612
Benchmark\Mild_Demented\mild_325.jpg,Mild_Demented,Very_Mild_Demented,0.0020817944,3.4672068e-10,0.010778495,0.98713976
Benchmark\Very_Mild_Demented\verymild_431.jpg,Very_Mild_Demented,Very_Mild_Demented,6.991752e-05,2.852547e-09,0.02359329,0.97633684
Benchmark\Mild_Demented\augmented_121_mild_352.jpg,Mild_Demented,Mild_Demented,0.99890375,0.0007181658,3.3112517e-08,0.00037810387
Benchmark\Non_Demented\non_1939.jpg,Non_Demented,Very_Mild_Demented,0.00020233987,1.8953068e-09,0.17864339,0.82115424
Benchmark\Very_Mild_Demented\verymild_999.jpg,Very_Mild_Demented,Very_Mild_Demented,0.071316235,9.939072e-09,0.0023573174,0.9263264
Benchmark\Non_Demented\non_2772.jpg,Non_Demented,Non_Demented,0.022724655,1.4901073e-05,0.89073175,0.08652865
Benchmark\Moderate_Demented\augmented_250_moderate_42.jpg,Moderate_Demented,Moderate_Demented,0.08656236,0.76577747,8.611184e-08,0.1476601
Benchmark\Very_Mild_Demented\verymild_676.jpg,Very_Mild_Demented,Very_Mild_Demented,0.00011379236,1.1897634e-09,0.020148242,0.979738
Benchmark\Very_Mild_Demented\augmented_106_verymild_1832.jpg,Very_Mild_Demented,Mild_Demented,0.59037155,0.0055664624,1.3374631e-07,0.4040619
Benchmark\Non_Demented\non_774.jpg,Non_Demented,Non_Demented,7.764247e-16,6.8527634e-30,1.0,4.4180418e-08
Benchmark\Mild_Demented\mild_747.jpg,Mild_Demented,Mild_Demented,0.57639664,0.00014798269,6.207887e-05,0.4233934
Benchmark\Non_Demented\non_1868.jpg,Non_Demented,Non_Demented,6.629223e-14,4.3919663e-25,1.0,5.5930482e-09
Benchmark\Mild_Demented\augmented_121_mild_81.jpg,Mild_Demented,Mild_Demented,0.6921777,0.0014302186,1.1710579e-07,0.30639207
Benchmark\Very_Mild_Demented\verymild_214.jpg,Very_Mild_Demented,Very_Mild_Demented,0.0024199793,5.7906683e-11,0.10604782,0.8915322
Benchmark\Very_Mild_Demented\verymild_392.jpg,Very_Mild_Demented,Non_Demented,0.0008879086,9.606478e-10,0.6657963,0.3333159
Benchmark\Moderate_Demented\augmented_193_moderate_44.jpg,Moderate_Demented,Mild_Demented,0.59944296,0.121933654,9.66401e-05,0.27852684
Benchmark\Mild_Demented\mild_496.jpg,Mild_Demented,Mild_Demented,0.7963944,2.7501766e-05,0.074281245,0.12929678
Benchmark\Moderate_Demented\augmented_141_moderate_29.jpg,Moderate_Demented,Moderate_Demented,0.00028179892,0.9996344,4.6821755e-11,8.38007e-05
Benchmark\Non_Demented\non_665.jpg,Non_Demented,Very_Mild_Demented,0.02241878,2.8710225e-08,0.42752793,0.5500533
Benchmark\Moderate_Demented\augmented_169_moderate_23.jpg,Moderate_Demented,Mild_Demented,0.8251962,0.17479907,1.3904381e-12,4.759062e-06
Benchmark\Moderate_Demented\augmented_50_moderate_61.jpg,Moderate_Demented,Moderate_Demented,1.9446801e-05,0.999977,8.634342e-09,3.569084e-06
Benchmark\Mild_Demented\mild_303.jpg,Mild_Demented,Very_Mild_Demented,0.29785421,4.792952e-06,0.32158732,0.3805537
Benchmark\Mild_Demented\mild_707.jpg,Mild_Demented,Mild_Demented,0.95795214,9.094409e-09,0.02454809,0.017499719
Benchmark\Mild_Demented\augmented_224_mild_729.jpg,Mild_Demented,Very_Mild_Demented,0.4398954,0.008860102,0.00035745886,0.55088705
Benchmark\Very_Mild_Demented\verymild_616.jpg,Very_Mild_Demented,Non_Demented,0.0052957297,4.6360712e-10,0.9223383,0.072366
Benchmark\Mild_Demented\mild_114.jpg,Mild_Demented,Non_Demented,0.23653665,1.4155588e-08,0.6827177,0.080745675
Benchmark\Moderate_Demented\augmented_46_moderate_62.jpg,Moderate_Demented,Moderate_Demented,1.3941656e-08,1.0,1.3409993e-15,4.3491877e-09
Benchmark\Non_Demented\non_2729.jpg,Non_Demented,Non_Demented,1.8436424e-07,1.8507516e-17,0.9999579,4.180204e-05
Benchmark\Moderate_Demented\augmented_54_moderate_48.jpg,Moderate_Demented,Moderate_Demented,0.00461244,0.9868417,8.4001994e-10,0.008545885
Benchmark\Moderate_Demented\augmented_3_moderate_6.jpg,Moderate_Demented,Moderate_Demented,0.006693767,0.98724127,3.539211e-08,0.0060649733
Benchmark\Very_Mild_Demented\augmented_232_verymild_133.jpg,Very_Mild_Demented,Very_Mild_Demented,0.44200304,0.0059174644,0.00031333222,0.55176616
Benchmark\Mild_Demented\augmented_89_mild_489.jpg,Mild_Demented,Very_Mild_Demented,0.19030131,0.06301171,0.046704307,0.69998264
Benchmark\Non_Demented\non_1004.jpg,Non_Demented,Non_Demented,3.2684444e-09,4.343637e-15,0.9997942,0.0002058415
Benchmark\Very_Mild_Demented\verymild_776.jpg,Very_Mild_Demented,Very_Mild_Demented,5.1727067e-05,5.1113354e-09,0.006776737,0.9931716
Benchmark\Non_Demented\non_3147.jpg,Non_Demented,Non_Demented,3.4445617e-07,1.7480522e-17,0.9880943,0.011905343
Benchmark\Moderate_Demented\augmented_252_moderate_13.jpg,Moderate_Demented,Mild_Demented,0.5686546,0.42960575,2.0331e-08,0.0017396723
Benchmark\Moderate_Demented\augmented_235_moderate_28.jpg,Moderate_Demented,Moderate_Demented,0.023628347,0.95624745,1.1686715e-06,0.02012309
Benchmark\Moderate_Demented\augmented_102_moderate_61.jpg,Moderate_Demented,Moderate_Demented,0.015666317,0.97346437,2.8286875e-09,0.010869322
Benchmark\Non_Demented\non_1581.jpg,Non_Demented,Non_Demented,0.037051003,4.6123794e-09,0.48495707,0.47799194
Benchmark\Non_Demented\non_961.jpg,Non_Demented,Non_Demented,9.798028e-09,8.873017e-19,0.99999917,7.877931e-07
Benchmark\Non_Demented\non_2906.jpg,Non_Demented,Non_Demented,2.2929538e-09,2.3173082e-19,0.9994393,0.00056064926
Benchmark\Moderate_Demented\augmented_95_moderate_53.jpg,Moderate_Demented,Moderate_Demented,0.06489116,0.9274828,1.3896412e-09,0.0076260273
Benchmark\Moderate_Demented\augmented_100_moderate_58.jpg,Moderate_Demented,Moderate_Demented,0.06067869,0.79947025,1.3099823e-07,0.13985094
Benchmark\Non_Demented\non_3133.jpg,Non_Demented,Non_Demented,0.00027123597,8.350973e-12,0.96127725,0.038451537
Benchmark\Moderate_Demented\augmented_119_moderate_26.jpg,Moderate_Demented,Moderate_Demented,0.4322382,0.55866635,3.467174e-07,0.009095144
Benchmark\Moderate_Demented\augmented_126_moderate_29.jpg,Moderate_Demented,Moderate_Demented,0.21410848,0.7680204,6.6772014e-07,0.017870488
Benchmark\Very_Mild_Demented\augmented_30_verymild_1582.jpg,Very_Mild_Demented,Very_Mild_Demented,0.13101955,9.5032374e-05,4.0920844e-07,0.86888504
Benchmark\Moderate_Demented\augmented_18_moderate_61.jpg,Moderate_Demented,Moderate_Demented,0.022644687,0.5050815,5.9847054e-07,0.47227323
Benchmark\Moderate_Demented\augmented_165_moderate_21.jpg,Moderate_Demented,Mild_Demented,0.8782428,0.121756084,8.0889115e-13,1.170946e-06
Benchmark\Very_Mild_Demented\augmented_79_verymild_1033.jpg,Very_Mild_Demented,Very_Mild_Demented,0.2160021,0.019192668,6.435054e-05,0.7647409
Benchmark\Non_Demented\non_1470.jpg,Non_Demented,Non_Demented,9.168076e-06,8.390762e-15,0.9876023,0.012388471
Benchmark\Mild_Demented\mild_759.jpg,Mild_Demented,Very_Mild_Demented,0.06416234,2.5871834e-06,0.33817807,0.597657
Benchmark\Non_Demented\non_2749.jpg,Non_Demented,Non_Demented,0.022647291,6.3631407e-09,0.7005734,0.27677932
Benchmark\Moderate_Demented\augmented_231_moderate_5.jpg,Moderate_Demented,Moderate_Demented,0.007912102,0.9842255,4.2764377e-08,0.007862345
Benchmark\Moderate_Demented\augmented_214_moderate_26.jpg,Moderate_Demented,Moderate_Demented,0.0011183798,0.99887174,8.923762e-14,9.841244e-06
Benchmark\Very_Mild_Demented\augmented_202_verymild_1678.jpg,Very_Mild_Demented,Very_Mild_Demented,0.49188614,0.005990202,1.1431497e-05,0.5021122
Benchmark\Very_Mild_Demented\augmented_70_verymild_369.jpg,Very_Mild_Demented,Very_Mild_Demented,0.020419395,0.0007418234,1.0919503e-05,0.9788279
Benchmark\Moderate_Demented\augmented_9_moderate_48.jpg,Moderate_Demented,Moderate_Demented,0.2583288,0.44463748,4.877052e-07,0.29703325
Benchmark\Very_Mild_Demented\verymild_285.jpg,Very_Mild_Demented,Very_Mild_Demented,0.002249297,2.5415698e-06,0.17258805,0.8251601
Benchmark\Non_Demented\non_4.jpg,Non_Demented,Non_Demented,0.002398971,2.9780896e-08,0.64500993,0.3525911
Benchmark\Very_Mild_Demented\verymild_333.jpg,Very_Mild_Demented,Very_Mild_Demented,0.00013526269,6.5457895e-10,0.059701562,0.9401632
Benchmark\Very_Mild_Demented\augmented_130_verymild_320.jpg,Very_Mild_Demented,Very_Mild_Demented,0.1291425,8.2712024e-05,5.590249e-07,0.87077427
Benchmark\Moderate_Demented\augmented_143_moderate_4.jpg,Moderate_Demented,Moderate_Demented,3.9618087e-09,1.0,2.191217e-17,3.063892e-08
Benchmark\Very_Mild_Demented\verymild_155.jpg,Very_Mild_Demented,Very_Mild_Demented,0.00040341352,1.1426249e-09,0.0217126,0.97788405
Benchmark\Very_Mild_Demented\augmented_42_verymild_14.jpg,Very_Mild_Demented,Very_Mild_Demented,0.15498377,5.4109614e-06,1.0186213e-05,0.84500057
Benchmark\Moderate_Demented\augmented_234_moderate_52.jpg,Moderate_Demented,Moderate_Demented,0.000128067,0.9997924,1.6508474e-13,7.9541656e-05
Benchmark\Very_Mild_Demented\verymild_40.jpg,Very_Mild_Demented,Very_Mild_Demented,5.420932e-06,2.3926197e-12,0.0032769975,0.9967175
Benchmark\Moderate_Demented\augmented_68_moderate_25.jpg,Moderate_Demented,Mild_Demented,0.91743195,0.025016807,7.276902e-07,0.05755043
Benchmark\Non_Demented\non_3137.jpg,Non_Demented,Non_Demented,1.640006e-05,7.0441404e-17,0.8452763,0.15470728
Benchmark\Moderate_Demented\augmented_231_moderate_64.jpg,Moderate_Demented,Moderate_Demented,6.569261e-05,0.9998385,2.3641893e-13,9.583786e-05
Benchmark\Mild_Demented\augmented_78_mild_418.jpg,Mild_Demented,Mild_Demented,0.9840739,0.0004361197,8.742371e-07,0.015489155
Benchmark\Moderate_Demented\augmented_86_moderate_58.jpg,Moderate_Demented,Very_Mild_Demented,0.23733091,0.15238117,5.626778e-07,0.61028737
Benchmark\Very_Mild_Demented\verymild_1471.jpg,Very_Mild_Demented,Very_Mild_Demented,0.0006576875,2.319028e-09,0.28076777,0.7185746
Benchmark\Non_Demented\non_2415.jpg,Non_Demented,Non_Demented,2.6295837e-05,6.156439e-10,0.98110974,0.018863907
Benchmark\Mild_Demented\augmented_229_mild_309.jpg,Mild_Demented,Mild_Demented,0.9999994,4.766684e-07,3.77928e-12,1.18023316e-07
Benchmark\Moderate_Demented\augmented_231_moderate_60.jpg,Moderate_Demented,Moderate_Demented,1.3648409e-07,0.99999666,7.5802884e-15,3.2455337e-06
Benchmark\Very_Mild_Demented\verymild_376.jpg,Very_Mild_Demented,Very_Mild_Demented,0.0009357939,1.053176e-11,0.35883403,0.6402302
Benchmark\Very_Mild_Demented\verymild_987.jpg,Very_Mild_Demented,Very_Mild_Demented,0.007511681,4.4231765e-09,0.09573464,0.89675367
Benchmark\Moderate_Demented\augmented_105_moderate_44.jpg,Moderate_Demented,Moderate_Demented,0.19917876,0.50299054,2.1251657e-05,0.29780942
Benchmark\Moderate_Demented\augmented_35_moderate_17.jpg,Moderate_Demented,Moderate_Demented,5.7919784e-05,0.9999418,1.5224378e-17,1.9169916e-07
Benchmark\Moderate_Demented\augmented_58_moderate_47.jpg,Moderate_Demented,Moderate_Demented,7.958487e-07,0.9999989,5.0206967e-14,2.8536078e-07
Benchmark\Moderate_Demented\augmented_113_moderate_55.jpg,Moderate_Demented,Moderate_Demented,0.00017036455,0.99960846,2.3351215e-11,0.00022117213
Benchmark\Moderate_Demented\augmented_53_moderate_10.jpg,Moderate_Demented,Moderate_Demented,7.342824e-10,1.0,3.566677e-20,4.191299e-10
Benchmark\Mild_Demented\augmented_209_mild_332.jpg,Mild_Demented,Mild_Demented,0.9997055,0.00029416702,4.2894737e-12,3.4257906e-07
Benchmark\Very_Mild_Demented\verymild_753.jpg,Very_Mild_Demented,Very_Mild_Demented,0.017041126,4.052633e-07,0.007242413,0.9757161
Benchmark\Mild_Demented\mild_116.jpg,Mild_Demented,Non_Demented,0.014053196,2.166694e-05,0.716669,0.2692561
Benchmark\Non_Demented\non_826.jpg,Non_Demented,Non_Demented,8.494411e-12,2.4965815e-17,0.9999988,1.161512e-06
Benchmark\Moderate_Demented\augmented_210_moderate_34.jpg,Moderate_Demented,Mild_Demented,0.59004474,0.14294916,6.643718e-07,0.26700544
Benchmark\Mild_Demented\augmented_93_mild_156.jpg,Mild_Demented,Very_Mild_Demented,0.15483655,1.3826047e-09,5.3620475e-10,0.84516346
Benchmark\Non_Demented\non_1371.jpg,Non_Demented,Non_Demented,3.5061217e-07,4.6686143e-17,0.9904749,0.009524794
Benchmark\Moderate_Demented\augmented_128_moderate_3.jpg,Moderate_Demented,Moderate_Demented,1.1564917e-05,0.99998784,8.4446104e-16,5.8672487e-07
Benchmark\Mild_Demented\augmented_37_mild_461.jpg,Mild_Demented,Mild_Demented,0.99275357,1.6811097e-09,2.9806287e-08,0.0072464654
Benchmark\Mild_Demented\augmented_221_mild_183.jpg,Mild_Demented,Mild_Demented,0.99999964,1.7118697e-07,6.5174163e-13,1.6104211e-07
Benchmark\Mild_Demented\augmented_48_mild_300.jpg,Mild_Demented,Mild_Demented,0.99998486,1.8193342e-08,4.4934296e-09,1.5144753e-05
Benchmark\Mild_Demented\augmented_112_mild_420.jpg,Mild_Demented,Mild_Demented,0.53584087,0.09334197,0.00025346354,0.37056366
Benchmark\Mild_Demented\augmented_172_mild_296.jpg,Mild_Demented,Mild_Demented,0.99994755,4.7171778e-09,2.5019181e-08,5.2439962e-05
Benchmark\Mild_Demented\augmented_78_mild_282.jpg,Mild_Demented,Mild_Demented,0.79636866,1.5976644e-07,8.885043e-10,0.20363115
Benchmark\Mild_Demented\augmented_94_mild_263.jpg,Mild_Demented,Mild_Demented,0.9925178,0.0074821743,1.7955962e-12,3.3543517e-09
Benchmark\Mild_Demented\mild_686.jpg,Mild_Demented,Mild_Demented,0.5252499,8.826707e-05,0.45742682,0.017235048
Benchmark\Non_Demented\non_1616.jpg,Non_Demented,Non_Demented,3.1545828e-06,2.6363708e-21,0.9999964,5.2488707e-07
Benchmark\Moderate_Demented\augmented_221_moderate_6.jpg,Moderate_Demented,Moderate_Demented,3.0248957e-05,0.9999665,5.4639453e-14,3.2706187e-06
Benchmark\Mild_Demented\augmented_166_mild_135.jpg,Mild_Demented,Mild_Demented,0.98220414,1.0358161e-05,3.2814915e-09,0.017785529
Benchmark\Moderate_Demented\augmented_81_moderate_27.jpg,Moderate_Demented,Mild_Demented,0.88132775,0.08473153,0.00012127852,0.033819504
Benchmark\Very_Mild_Demented\verymild_1268.jpg,Very_Mild_Demented,Very_Mild_Demented,0.001416517,3.7149234e-06,0.0990775,0.89950216
Benchmark\Mild_Demented\augmented_232_mild_31.jpg,Mild_Demented,Mild_Demented,0.66711235,2.8869824e-06,7.7905895e-09,0.3328848
Benchmark\Moderate_Demented\augmented_108_moderate_3.jpg,Moderate_Demented,Moderate_Demented,0.24912377,0.66036093,1.2718552e-07,0.09051516
Benchmark\Very_Mild_Demented\verymild_1307.jpg,Very_Mild_Demented,Very_Mild_Demented,0.09626436,0.0022863403,0.2597313,0.64171803
Benchmark\Very_Mild_Demented\verymild_1525.jpg,Very_Mild_Demented,Very_Mild_Demented,0.0008410828,2.9682442e-07,0.06652299,0.9326356
Benchmark\Non_Demented\non_1297.jpg,Non_Demented,Very_Mild_Demented,0.007958946,1.5896467e-09,0.39623117,0.59580994
Benchmark\Mild_Demented\augmented_21_mild_361.jpg,Mild_Demented,Mild_Demented,0.7989769,2.6923349e-06,3.2697665e-07,0.20102009
Benchmark\Mild_Demented\augmented_47_mild_503.jpg,Mild_Demented,Mild_Demented,0.7724801,3.2478405e-05,9.315608e-06,0.22747818
Benchmark\Very_Mild_Demented\augmented_25_verymild_304.jpg,Very_Mild_Demented,Mild_Demented,0.6195415,0.00015750168,1.0779773e-05,0.38029015
Benchmark\Mild_Demented\augmented_174_mild_566.jpg,Mild_Demented,Mild_Demented,0.99426335,0.00024078584,1.8569756e-08,0.005495841
Benchmark\Mild_Demented\augmented_181_mild_276.jpg,Mild_Demented,Mild_Demented,0.9999281,9.168485e-06,1.4177854e-09,6.2687024e-05
Benchmark\Non_Demented\non_1623.jpg,Non_Demented,Non_Demented,4.9369265e-07,3.4771017e-18,0.9998246,0.00017499938
Benchmark\Mild_Demented\augmented_250_mild_539.jpg,Mild_Demented,Mild_Demented,0.6750496,0.0010556838,1.4014751e-06,0.3238933
Benchmark\Non_Demented\non_3185.jpg,Non_Demented,Non_Demented,0.00040449525,1.3444257e-13,0.9908552,0.008740335
Benchmark\Non_Demented\non_2771.jpg,Non_Demented,Very_Mild_Demented,0.00073771516,2.4863522e-09,0.28861162,0.7106506
Benchmark\Very_Mild_Demented\verymild_1404.jpg,Very_Mild_Demented,Very_Mild_Demented,0.054200236,0.00050737074,0.43276447,0.51252794
Benchmark\Non_Demented\non_14.jpg,Non_Demented,Very_Mild_Demented,0.00034279647,2.9324315e-10,0.022019947,0.9776373
Benchmark\Non_Demented\non_2547.jpg,Non_Demented,Non_Demented,0.019819047,5.6064283e-07,0.7853721,0.19480833
Benchmark\Non_Demented\non_567.jpg,Non_Demented,Non_Demented,0.0017102772,3.5053514e-12,0.99730057,0.000989105
Benchmark\Moderate_Demented\augmented_23_moderate_32.jpg,Moderate_Demented,Moderate_Demented,0.00010515832,0.99951386,1.2682955e-13,0.00038091067
Benchmark\Non_Demented\non_3161.jpg,Non_Demented,Non_Demented,0.0036713465,1.4954893e-11,0.9855908,0.010737799
Benchmark\Very_Mild_Demented\verymild_968.jpg,Very_Mild_Demented,Very_Mild_Demented,0.000878898,1.3076134e-07,0.37089515,0.62822586
Benchmark\Non_Demented\non_1930.jpg,Non_Demented,Non_Demented,1.305514e-05,1.13272615e-14,0.9980913,0.0018956481
Benchmark\Mild_Demented\augmented_213_mild_643.jpg,Mild_Demented,Very_Mild_Demented,0.37182623,1.1957323e-07,8.6970863e-07,0.62817276
Benchmark\Non_Demented\non_493.jpg,Non_Demented,Non_Demented,1.2216985e-07,7.557903e-18,0.95850134,0.041498538
Benchmark\Non_Demented\non_103.jpg,Non_Demented,Non_Demented,5.88751e-06,5.189251e-10,0.99882907,0.0011651025
Benchmark\Very_Mild_Demented\verymild_1308.jpg,Very_Mild_Demented,Very_Mild_Demented,0.006123364,5.842377e-08,0.43314594,0.5607306
Benchmark\Moderate_Demented\augmented_149_moderate_20.jpg,Moderate_Demented,Moderate_Demented,9.316827e-06,0.9999907,2.0693963e-19,2.0425228e-08
Benchmark\Moderate_Demented\augmented_216_moderate_59.jpg,Moderate_Demented,Moderate_Demented,6.553565e-05,0.99992096,4.798983e-12,1.3525632e-05
Benchmark\Very_Mild_Demented\verymild_1200.jpg,Very_Mild_Demented,Mild_Demented,0.74140435,2.2098554e-08,0.1546787,0.1039169
Benchmark\Moderate_Demented\augmented_99_moderate_15.jpg,Moderate_Demented,Moderate_Demented,0.0011098348,0.99889,4.1331036e-15,1.7956857e-07
Benchmark\Mild_Demented\augmented_141_mild_14.jpg,Mild_Demented,Mild_Demented,0.6398841,0.005286646,0.003542363,0.3512869
Benchmark\Moderate_Demented\augmented_34_moderate_4.jpg,Moderate_Demented,Moderate_Demented,2.435026e-15,1.0,8.808431e-29,2.6726788e-16
Benchmark\Very_Mild_Demented\verymild_689.jpg,Very_Mild_Demented,Very_Mild_Demented,0.0003518946,6.1083655e-10,0.002719464,0.99692863
Benchmark\Non_Demented\non_453.jpg,Non_Demented,Non_Demented,5.240833e-06,9.145226e-13,0.9980877,0.0019070039
Benchmark\Non_Demented\non_1471.jpg,Non_Demented,Non_Demented,2.3101005e-05,4.1115796e-14,0.9795608,0.020416081
Benchmark\Non_Demented\non_1260.jpg,Non_Demented,Non_Demented,5.0166258e-05,3.9964158e-16,0.9147224,0.0852275
Benchmark\Moderate_Demented\augmented_179_moderate_12.jpg,Moderate_Demented,Moderate_Demented,0.023048935,0.88503754,9.386624e-06,0.09190405
Benchmark\Mild_Demented\mild_688.jpg,Mild_Demented,Mild_Demented,0.97373056,2.1906355e-05,0.026124133,0.00012341242
Benchmark\Mild_Demented\augmented_150_mild_739.jpg,Mild_Demented,Very_Mild_Demented,0.359283,3.5640276e-06,6.019105e-07,0.6407128
Benchmark\Non_Demented\non_3032.jpg,Non_Demented,Very_Mild_Demented,0.007554056,1.8041371e-08,0.42260307,0.5698429
Benchmark\Non_Demented\non_825.jpg,Non_Demented,Non_Demented,8.911297e-09,2.7594241e-15,0.9999082,9.1804955e-05
Benchmark\Moderate_Demented\augmented_161_moderate_23.jpg,Moderate_Demented,Mild_Demented,0.99267274,0.0073228325,1.0933088e-12,4.3867326e-06
Benchmark\Moderate_Demented\augmented_189_moderate_57.jpg,Moderate_Demented,Moderate_Demented,3.810975e-11,1.0,1.646771e-17,1.3128706e-09
Benchmark\Mild_Demented\mild_608.jpg,Mild_Demented,Mild_Demented,0.54713714,2.5071009e-05,0.05338932,0.3994485
Benchmark\Moderate_Demented\moderate_48.jpg,Moderate_Demented,Very_Mild_Demented,0.09873386,0.0927731,0.095154434,0.7133386
Benchmark\Mild_Demented\mild_147.jpg,Mild_Demented,Very_Mild_Demented,0.02987892,0.0013265352,0.17802274,0.79077184
Benchmark\Moderate_Demented\augmented_210_moderate_35.jpg,Moderate_Demented,Moderate_Demented,0.14955531,0.716785,4.139369e-06,0.1336556
Benchmark\Very_Mild_Demented\verymild_336.jpg,Very_Mild_Demented,Very_Mild_Demented,0.0051431735,2.4368163e-07,0.12793079,0.8669258
Benchmark\Very_Mild_Demented\verymild_900.jpg,Very_Mild_Demented,Very_Mild_Demented,0.034180075,1.3312568e-05,0.019759666,0.94604695
Benchmark\Very_Mild_Demented\verymild_1888.jpg,Very_Mild_Demented,Very_Mild_Demented,0.00096695294,1.6469265e-07,0.051084094,0.9479489
Benchmark\Very_Mild_Demented\augmented_140_verymild_292.jpg,Very_Mild_Demented,Mild_Demented,0.721081,0.22642387,2.446113e-06,0.052492738
Benchmark\Moderate_Demented\augmented_235_moderate_8.jpg,Moderate_Demented,Moderate_Demented,4.7263423e-08,0.99999976,1.4266074e-18,1.940713e-07
Benchmark\Non_Demented\non_3114.jpg,Non_Demented,Non_Demented,0.002578912,1.456608e-06,0.5604992,0.43692037
Benchmark\Moderate_Demented\augmented_215_moderate_38.jpg,Moderate_Demented,Moderate_Demented,0.005979186,0.98643875,1.9344966e-09,0.007582036
Benchmark\Mild_Demented\augmented_236_mild_449.jpg,Mild_Demented,Mild_Demented,0.5420919,0.20748661,0.0005571582,0.24986435
Benchmark\Non_Demented\non_1327.jpg,Non_Demented,Non_Demented,1.7703734e-10,1.1223675e-19,0.9999447,5.536192e-05
Benchmark\Moderate_Demented\augmented_161_moderate_20.jpg,Moderate_Demented,Moderate_Demented,8.2190965e-08,0.9999999,8.3307483e-22,3.059077e-10
Benchmark\Very_Mild_Demented\verymild_23.jpg,Very_Mild_Demented,Very_Mild_Demented,0.004680113,8.6256955e-07,0.27824658,0.7170724
Benchmark\Very_Mild_Demented\augmented_85_verymild_1647.jpg,Very_Mild_Demented,Very_Mild_Demented,0.035063777,9.700343e-09,3.4542379e-07,0.96493584
Benchmark\Non_Demented\non_1802.jpg,Non_Demented,Non_Demented,5.0550522e-08,3.2396171e-12,0.9882407,0.0117593035
Benchmark\Moderate_Demented\augmented_159_moderate_22.jpg,Moderate_Demented,Moderate_Demented,0.00078527787,0.99921465,5.9289654e-16,2.126003e-08
Benchmark\Mild_Demented\augmented_75_mild_661.jpg,Mild_Demented,Mild_Demented,0.82381916,0.00025417047,2.8151899e-06,0.17592376
Benchmark\Mild_Demented\mild_130.jpg,Mild_Demented,Very_Mild_Demented,0.04487277,1.1360369e-07,0.12772265,0.8274045
Benchmark\Non_Demented\non_3015.jpg,Non_Demented,Very_Mild_Demented,0.144343,7.77875e-10,0.219673,0.635984
Benchmark\Moderate_Demented\augmented_64_moderate_54.jpg,Moderate_Demented,Moderate_Demented,0.041593663,0.9085548,2.55522e-06,0.049849033
Benchmark\Non_Demented\non_606.jpg,Non_Demented,Non_Demented,0.0003911467,4.9146852e-08,0.77413565,0.22547317
Benchmark\Mild_Demented\mild_227.jpg,Mild_Demented,Very_Mild_Demented,0.00055406924,4.9187174e-09,0.019477135,0.9799687
Benchmark\Mild_Demented\augmented_133_mild_112.jpg,Mild_Demented,Mild_Demented,0.5387486,0.0038414565,1.9327572e-05,0.4573906
Benchmark\Moderate_Demented\augmented_136_moderate_25.jpg,Moderate_Demented,Moderate_Demented,0.0014528674,0.9985464,3.1961562e-13,7.1665767e-07
Benchmark\Non_Demented\non_3050.jpg,Non_Demented,Very_Mild_Demented,1.0547199e-05,1.7373141e-11,0.028953286,0.9710362
Benchmark\Non_Demented\non_2826.jpg,Non_Demented,Non_Demented,1.2208489e-09,2.069431e-16,0.9921142,0.007885804
Benchmark\Very_Mild_Demented\verymild_1954.jpg,Very_Mild_Demented,Very_Mild_Demented,0.040579103,0.000100682046,0.31270272,0.64661753
Benchmark\Mild_Demented\augmented_230_mild_25.jpg,Mild_Demented,Mild_Demented,0.8237355,0.16142732,1.8955889e-05,0.014818276
Benchmark\Moderate_Demented\augmented_147_moderate_30.jpg,Moderate_Demented,Moderate_Demented,0.46756274,0.50377685,2.720598e-08,0.028660327
Benchmark\Non_Demented\non_1595.jpg,Non_Demented,Very_Mild_Demented,0.00056106324,2.0882426e-10,0.4000273,0.59941167
Benchmark\Moderate_Demented\augmented_174_moderate_22.jpg,Moderate_Demented,Moderate_Demented,0.00032204427,0.99964285,2.1908107e-13,3.517204e-05
Benchmark\Moderate_Demented\augmented_177_moderate_39.jpg,Moderate_Demented,Moderate_Demented,8.080457e-12,1.0,5.163673e-21,6.680841e-12
Benchmark\Very_Mild_Demented\augmented_164_verymild_1379.jpg,Very_Mild_Demented,Very_Mild_Demented,0.19534759,1.8870087e-05,0.0003796413,0.80425394
Benchmark\Very_Mild_Demented\augmented_32_verymild_170.jpg,Very_Mild_Demented,Very_Mild_Demented,0.044827558,6.7389365e-08,5.3839297e-08,0.9551723
Benchmark\Non_Demented\non_2054.jpg,Non_Demented,Non_Demented,1.8942506e-05,1.3418109e-17,0.96097136,0.0390098
Benchmark\Moderate_Demented\augmented_15_moderate_54.jpg,Moderate_Demented,Mild_Demented,0.47129658,0.14438397,6.469783e-08,0.38431942
Benchmark\Moderate_Demented\augmented_47_moderate_13.jpg,Moderate_Demented,Mild_Demented,0.6237823,0.37621117,4.8766165e-12,6.5561767e-06
Benchmark\Non_Demented\non_216.jpg,Non_Demented,Very_Mild_Demented,0.005602569,4.1145623e-10,0.14306895,0.8513285
Benchmark\Mild_Demented\augmented_89_mild_105.jpg,Mild_Demented,Moderate_Demented,0.052910447,0.9459841,8.490158e-11,0.0011053178
Benchmark\Moderate_Demented\augmented_217_moderate_24.jpg,Moderate_Demented,Moderate_Demented,0.00016844479,0.99983156,1.7959453e-17,3.6908116e-08
Benchmark\Mild_Demented\mild_477.jpg,Mild_Demented,Mild_Demented,0.9260743,1.305713e-07,0.030340925,0.04358454
Benchmark\Non_Demented\non_21.jpg,Non_Demented,Very_Mild_Demented,0.010676244,5.6104943e-07,0.124223225,0.86509997
Benchmark\Non_Demented\non_2511.jpg,Non_Demented,Very_Mild_Demented,2.2444012e-05,2.6244784e-09,0.10617571,0.8938018
Benchmark\Non_Demented\non_1785.jpg,Non_Demented,Non_Demented,0.046550363,1.3499832e-06,0.75657195,0.1968764
Benchmark\Very_Mild_Demented\augmented_72_verymild_1393.jpg,Very_Mild_Demented,Very_Mild_Demented,0.077818684,0.00015063983,0.007540433,0.9144902
Benchmark\Very_Mild_Demented\augmented_244_verymild_231.jpg,Very_Mild_Demented,Mild_Demented,0.5117055,0.00032088888,1.2523401e-05,0.48796102
Benchmark\Mild_Demented\augmented_247_mild_274.jpg,Mild_Demented,Mild_Demented,0.99950445,6.06225e-10,3.7474798e-11,0.0004955721
Benchmark\Mild_Demented\augmented_68_mild_793.jpg,Mild_Demented,Very_Mild_Demented,0.25722003,7.0848444e-05,8.486474e-06,0.7427007
Benchmark\Moderate_Demented\augmented_174_moderate.jpg,Moderate_Demented,Moderate_Demented,9.594198e-07,0.9999974,1.925237e-12,1.6937244e-06
Benchmark\Mild_Demented\mild_714.jpg,Mild_Demented,Non_Demented,0.026933096,7.354199e-07,0.9705758,0.0024902911
Benchmark\Non_Demented\non_393.jpg,Non_Demented,Non_Demented,8.705192e-08,2.4041264e-18,0.999701,0.0002988948
Benchmark\Mild_Demented\mild_895.jpg,Mild_Demented,Mild_Demented,0.9712875,3.2193802e-05,0.010888044,0.017792203
Benchmark\Very_Mild_Demented\augmented_195_verymild_1261.jpg,Very_Mild_Demented,Very_Mild_Demented,0.07075064,2.2209257e-10,3.3818228e-09,0.92924935
Benchmark\Moderate_Demented\augmented_183_moderate_9.jpg,Moderate_Demented,Mild_Demented,0.6550757,0.080611564,2.4616205e-05,0.2642881
Benchmark\Moderate_Demented\augmented_101_moderate_6.jpg,Moderate_Demented,Moderate_Demented,0.00026349915,0.99968576,5.91489e-13,5.0774204e-05
Benchmark\Non_Demented\non_2686.jpg,Non_Demented,Non_Demented,0.0064420747,4.6262053e-11,0.7573016,0.23625627
Benchmark\Non_Demented\non_2896.jpg,Non_Demented,Non_Demented,5.8549435e-06,3.9427635e-11,0.9519963,0.04799781
Benchmark\Non_Demented\non_1767.jpg,Non_Demented,Non_Demented,1.2268072e-06,4.4698263e-17,0.925161,0.074837804
Benchmark\Non_Demented\non_272.jpg,Non_Demented,Non_Demented,0.00035329998,2.504706e-15,0.9164941,0.08315261
Benchmark\Very_Mild_Demented\verymild_1505.jpg,Very_Mild_Demented,Very_Mild_Demented,0.24265571,8.6726266e-07,0.23471922,0.52262425
Benchmark\Mild_Demented\augmented_120_mild_208.jpg,Mild_Demented,Mild_Demented,0.99905485,0.0006536674,3.3695463e-10,0.00029151127
Benchmark\Moderate_Demented\augmented_50_moderate_30.jpg,Moderate_Demented,Mild_Demented,0.3416179,0.33703056,0.0006588045,0.3206927
Benchmark\Mild_Demented\augmented_70_mild_619.jpg,Mild_Demented,Very_Mild_Demented,0.061384916,1.235106e-06,3.1093616e-06,0.93861073
Benchmark\Moderate_Demented\augmented_210_moderate_17.jpg,Moderate_Demented,Mild_Demented,0.79692197,0.20304546,5.161113e-11,3.2504242e-05
Benchmark\Very_Mild_Demented\verymild_886.jpg,Very_Mild_Demented,Very_Mild_Demented,0.015245346,3.31082e-06,0.44215274,0.54259866
Benchmark\Very_Mild_Demented\verymild_2018.jpg,Very_Mild_Demented,Very_Mild_Demented,0.002116203,2.6045765e-12,0.27352953,0.72435427
Benchmark\Non_Demented\non_1643.jpg,Non_Demented,Non_Demented,0.014624949,5.223204e-06,0.6958046,0.28956518
Benchmark\Mild_Demented\augmented_34_mild_560.jpg,Mild_Demented,Mild_Demented,0.6514825,2.1336568e-08,1.8245703e-09,0.34851745
Benchmark\Mild_Demented\augmented_35_mild_776.jpg,Mild_Demented,Mild_Demented,0.66433233,6.123811e-05,1.2268471e-06,0.33560523
Benchmark\Moderate_Demented\augmented_46_moderate_23.jpg,Moderate_Demented,Moderate_Demented,0.42048517,0.57812965,3.045734e-08,0.0013851974
Benchmark\Mild_Demented\mild_99.jpg,Mild_Demented,Mild_Demented,0.9994079,1.0038785e-15,0.000532501,5.951391e-05
Benchmark\Very_Mild_Demented\verymild_1064.jpg,Very_Mild_Demented,Very_Mild_Demented,0.005045879,9.122957e-09,0.032397162,0.96255696
Benchmark\Very_Mild_Demented\verymild_2074.jpg,Very_Mild_Demented,Very_Mild_Demented,0.0009742653,1.2884053e-09,0.04671234,0.9523134
Benchmark\Very_Mild_Demented\augmented_162_verymild_137.jpg,Very_Mild_Demented,Very_Mild_Demented,0.46573135,0.045699697,0.00021530945,0.48835367
Benchmark\Very_Mild_Demented\augmented_136_verymild_2019.jpg,Very_Mild_Demented,Very_Mild_Demented,0.29626235,0.0009931104,0.00040254564,0.7023421
Benchmark\Moderate_Demented\augmented_37_moderate_47.jpg,Moderate_Demented,Moderate_Demented,0.007925262,0.9904604,2.6037612e-09,0.0016144175
Benchmark\Non_Demented\non_2487.jpg,Non_Demented,Non_Demented,0.00046922956,3.7080467e-11,0.63639945,0.3631313
Benchmark\Non_Demented\non_1374.jpg,Non_Demented,Non_Demented,9.181828e-14,9.0054e-26,0.99999976,2.6247707e-07
Benchmark\Moderate_Demented\augmented_101_moderate_34.jpg,Moderate_Demented,Very_Mild_Demented,0.18811518,0.0025705826,0.0008778816,0.80843633
Benchmark\Non_Demented\non_1009.jpg,Non_Demented,Non_Demented,0.0003989172,2.5965535e-10,0.98066646,0.018934697
Benchmark\Moderate_Demented\augmented_167_moderate_56.jpg,Moderate_Demented,Very_Mild_Demented,0.17940801,0.3774268,7.1034756e-06,0.44315806
Benchmark\Non_Demented\non_1973.jpg,Non_Demented,Very_Mild_Demented,1.7024615e-05,3.3659214e-10,0.32600513,0.6739778
Benchmark\Moderate_Demented\augmented_25_moderate_64.jpg,Moderate_Demented,Moderate_Demented,0.0002575642,0.995631,1.4800943e-11,0.004111492
Benchmark\Mild_Demented\augmented_51_mild_409.jpg,Mild_Demented,Mild_Demented,0.8970271,0.060119193,9.58964e-07,0.04285276
Benchmark\Very_Mild_Demented\verymild_1712.jpg,Very_Mild_Demented,Very_Mild_Demented,0.044617582,6.2615757e-10,0.0033386336,0.9520438
Benchmark\Non_Demented\non_432.jpg,Non_Demented,Very_Mild_Demented,0.00044358007,3.179776e-09,0.31283802,0.68671846
Benchmark\Moderate_Demented\augmented_81_moderate_42.jpg,Moderate_Demented,Moderate_Demented,0.0019686134,0.99597114,6.2456505e-11,0.002060241
Benchmark\Moderate_Demented\augmented_123_moderate_63.jpg,Moderate_Demented,Moderate_Demented,4.6452955e-10,1.0,3.4941628e-17,4.954868e-11
Benchmark\Very_Mild_Demented\verymild_206.jpg,Very_Mild_Demented,Very_Mild_Demented,7.275662e-05,7.611412e-10,0.07315173,0.9267756
Benchmark\Moderate_Demented\augmented_105_moderate_5.jpg,Moderate_Demented,Moderate_Demented,5.617408e-06,0.9999937,7.369751e-16,7.3557413e-07
Benchmark\Non_Demented\non_2196.jpg,Non_Demented,Non_Demented,1.8610257e-09,1.8883625e-19,0.9986014,0.001398577
Benchmark\Non_Demented\non_2726.jpg,Non_Demented,Non_Demented,8.225108e-13,2.8505601e-18,0.99991345,8.6511776e-05
Benchmark\Moderate_Demented\augmented_65_moderate_40.jpg,Moderate_Demented,Mild_Demented,0.67366534,0.024430323,1.3520486e-06,0.301903
Benchmark\Mild_Demented\mild_35.jpg,Mild_Demented,Very_Mild_Demented,0.008010962,1.1214627e-05,0.16058704,0.83139086
Benchmark\Mild_Demented\augmented_14_mild_104.jpg,Mild_Demented,Moderate_Demented,0.12476504,0.762526,3.3683882e-09,0.11270897
Benchmark\Moderate_Demented\augmented_70_moderate_36.jpg,Moderate_Demented,Moderate_Demented,0.007909247,0.99170506,3.124702e-12,0.00038561388
Benchmark\Very_Mild_Demented\augmented_165_verymild_1864.jpg,Very_Mild_Demented,Mild_Demented,0.84293157,7.6134393e-06,0.00025509053,0.15680566
Benchmark\Non_Demented\non_2420.jpg,Non_Demented,Non_Demented,2.4074386e-06,4.9354794e-18,0.9609211,0.039076407
Benchmark\Mild_Demented\augmented_153_mild_583.jpg,Mild_Demented,Mild_Demented,0.96050656,1.4466198e-09,1.540804e-08,0.039493408
Benchmark\Moderate_Demented\augmented_175_moderate_41.jpg,Moderate_Demented,Moderate_Demented,1.3110985e-08,0.99996305,1.9133405e-15,3.6909998e-05
Benchmark\Mild_Demented\augmented_255_mild_113.jpg,Mild_Demented,Mild_Demented,0.7010045,0.052804627,1.116436e-06,0.24618986
Benchmark\Mild_Demented\augmented_123_mild_597.jpg,Mild_Demented,Very_Mild_Demented,0.49137545,0.00012448101,0.00011551357,0.5083846
Benchmark\Very_Mild_Demented\augmented_14_verymild_314.jpg,Very_Mild_Demented,Very_Mild_Demented,0.155196,0.00027547363,2.34024e-05,0.84450513
Benchmark\Moderate_Demented\augmented_9_moderate_47.jpg,Moderate_Demented,Moderate_Demented,2.6497843e-14,1.0,4.743795e-18,1.0619379e-10
Benchmark\Non_Demented\non_1755.jpg,Non_Demented,Very_Mild_Demented,0.00039763527,9.722117e-14,0.1145785,0.88502383
Benchmark\Mild_Demented\augmented_163_mild_191.jpg,Mild_Demented,Mild_Demented,1.0,9.407792e-09,4.3127919e-16,1.2633564e-08
Benchmark\Mild_Demented\augmented_209_mild_128.jpg,Mild_Demented,Very_Mild_Demented,0.29725873,0.005331977,0.00028292107,0.69712645
Benchmark\Very_Mild_Demented\augmented_38_verymild_216.jpg,Very_Mild_Demented,Very_Mild_Demented,0.2701807,3.3610196e-08,2.5276556e-06,0.72981673
Benchmark\Very_Mild_Demented\verymild_1091.jpg,Very_Mild_Demented,Very_Mild_Demented,0.008036822,2.5003928e-07,0.20717837,0.7847846
Benchmark\Very_Mild_Demented\verymild_280.jpg,Very_Mild_Demented,Very_Mild_Demented,0.009077829,8.479505e-09,0.0006333084,0.99028885
Benchmark\Very_Mild_Demented\augmented_114_verymild_1631.jpg,Very_Mild_Demented,Mild_Demented,0.6584361,0.0684392,4.161886e-07,0.27312425
Benchmark\Non_Demented\non_2810.jpg,Non_Demented,Non_Demented,0.02844996,2.2564164e-07,0.75711185,0.21443795
Benchmark\Mild_Demented\augmented_32_mild_216.jpg,Mild_Demented,Mild_Demented,0.9997799,6.509669e-05,3.066444e-08,0.00015499948
Benchmark\Very_Mild_Demented\verymild_1700.jpg,Very_Mild_Demented,Very_Mild_Demented,0.0024652858,2.2618879e-07,0.013635736,0.9838988
Benchmark\Very_Mild_Demented\augmented_12_verymild_1575.jpg,Very_Mild_Demented,Mild_Demented,0.89617294,6.815077e-07,1.0940054e-06,0.10382526
Benchmark\Non_Demented\non_577.jpg,Non_Demented,Very_Mild_Demented,0.008341356,7.915382e-07,0.12806922,0.86358863
Benchmark\Moderate_Demented\augmented_46_moderate_35.jpg,Moderate_Demented,Moderate_Demented,0.00012757748,0.99985003,1.9719363e-13,2.2464585e-05
Benchmark\Moderate_Demented\augmented_200_moderate_13.jpg,Moderate_Demented,Mild_Demented,0.99956685,0.0004183324,1.0217152e-10,1.4810366e-05
Benchmark\Non_Demented\non_1323.jpg,Non_Demented,Very_Mild_Demented,0.026975041,4.7928308e-05,0.0028160852,0.970161
Benchmark\Very_Mild_Demented\verymild_1048.jpg,Very_Mild_Demented,Very_Mild_Demented,0.011412393,4.4866633e-10,0.0013867031,0.98720086
Benchmark\Non_Demented\non_1303.jpg,Non_Demented,Non_Demented,7.513093e-10,5.492471e-18,0.9994691,0.0005308745
Benchmark\Very_Mild_Demented\verymild_1485.jpg,Very_Mild_Demented,Very_Mild_Demented,0.097911544,0.00019000203,0.29232576,0.60957265
Benchmark\Non_Demented\non_1336.jpg,Non_Demented,Non_Demented,2.827377e-10,2.5861542e-20,0.9999944,5.617455e-06
Benchmark\Mild_Demented\augmented_109_mild_546.jpg,Mild_Demented,Mild_Demented,0.8338048,0.00846812,2.6506066e-06,0.1577244
Benchmark\Non_Demented\non_293.jpg,Non_Demented,Non_Demented,1.4985512e-06,9.465276e-17,0.9912493,0.008749091
Benchmark\Mild_Demented\mild_715.jpg,Mild_Demented,Mild_Demented,0.9953774,1.3276893e-06,0.00013610555,0.0044851783
Benchmark\Mild_Demented\augmented_50_mild_81.jpg,Mild_Demented,Mild_Demented,0.87678885,0.05551161,0.012534483,0.05516501
Benchmark\Very_Mild_Demented\augmented_196_verymild_1749.jpg,Very_Mild_Demented,Mild_Demented,0.69918084,0.00029315276,0.0002162206,0.30030978
Benchmark\Very_Mild_Demented\augmented_70_verymild_1643.jpg,Very_Mild_Demented,Very_Mild_Demented,0.3487,0.0060597816,8.250944e-05,0.64515764
Benchmark\Moderate_Demented\augmented_212_moderate_15.jpg,Moderate_Demented,Mild_Demented,0.87744284,0.122027196,5.9482014e-10,0.0005300192
Benchmark\Very_Mild_Demented\verymild_401.jpg,Very_Mild_Demented,Non_Demented,0.0006558495,3.1775152e-11,0.5289781,0.470366
Benchmark\Very_Mild_Demented\verymild_2119.jpg,Very_Mild_Demented,Very_Mild_Demented,0.07887399,0.00018334485,0.023513893,0.8974287
Benchmark\Non_Demented\non_3023.jpg,Non_Demented,Non_Demented,9.133531e-10,1.4393023e-18,0.99998236,1.7693374e-05
Benchmark\Very_Mild_Demented\augmented_250_verymild_1062.jpg,Very_Mild_Demented,Mild_Demented,0.8380805,0.0019850952,0.00065708486,0.15927723
Benchmark\Moderate_Demented\augmented_35_moderate_55.jpg,Moderate_Demented,Moderate_Demented,0.00038449196,0.99961543,1.4889677e-08,1.6204634e-08
Benchmark\Very_Mild_Demented\augmented_15_verymild_1531.jpg,Very_Mild_Demented,Very_Mild_Demented,0.10206976,4.6257708e-07,4.4193175e-08,0.8979298
Benchmark\Non_Demented\non_2201.jpg,Non_Demented,Non_Demented,0.25351274,5.1577018e-08,0.52683026,0.219657
Benchmark\Moderate_Demented\augmented_39_moderate_64.jpg,Moderate_Demented,Moderate_Demented,0.0028062998,0.99565303,4.6474533e-08,0.0015406011
Benchmark\Moderate_Demented\augmented_59_moderate_43.jpg,Moderate_Demented,Mild_Demented,0.8589851,0.007059262,3.341524e-08,0.13395567
Benchmark\Moderate_Demented\augmented_152_moderate_2.jpg,Moderate_Demented,Moderate_Demented,6.839028e-06,0.99998975,5.1433865e-15,3.3999693e-06
Benchmark\Moderate_Demented\augmented_69_moderate.jpg,Moderate_Demented,Moderate_Demented,0.0007275663,0.98924154,3.242979e-08,0.010030797
Benchmark\Non_Demented\non_2887.jpg,Non_Demented,Very_Mild_Demented,0.0014783,8.5537355e-09,0.26019627,0.7383254
Benchmark\Very_Mild_Demented\augmented_7_verymild_2201.jpg,Very_Mild_Demented,Very_Mild_Demented,0.0015953309,0.0023803436,0.006996192,0.9890282
Benchmark\Very_Mild_Demented\verymild_568.jpg,Very_Mild_Demented,Very_Mild_Demented,6.536636e-05,9.9925285e-12,0.008798531,0.9911361
Benchmark\Mild_Demented\mild_46.jpg,Mild_Demented,Non_Demented,0.028908832,8.019552e-07,0.94676095,0.024329398
Benchmark\Mild_Demented\mild_748.jpg,Mild_Demented,Mild_Demented,0.8534163,2.5082177e-13,0.13932306,0.007260644
Benchmark\Mild_Demented\augmented_32_mild_319.jpg,Mild_Demented,Moderate_Demented,0.078051634,0.9218485,6.802451e-11,9.989702e-05
Benchmark\Moderate_Demented\augmented_240_moderate_19.jpg,Moderate_Demented,Moderate_Demented,0.003417591,0.99658245,4.3249082e-17,4.54147e-11
Benchmark\Mild_Demented\augmented_190_mild_767.jpg,Mild_Demented,Mild_Demented,0.5316523,1.101362e-08,3.8053525e-07,0.4683474
